datetime,skin_temp,air_temp,heartrate,steps,gsr,calories,act_type,sleep_type,toss_turn
2015-04-05 00:00:00,94.3,92.3,63,0,0.125,1.0,,,
2015-04-05 00:01:00,94.3,92.3,64,0,0.118,1.0,,,
2015-04-05 00:02:00,94.3,92.3,65,0,0.129,1.1,,,
2015-04-05 00:03:00,94.1,91.9,62,0,0.129,1.0,,,
2015-04-05 00:04:00,94.1,91.4,73,0,0.125,1.4,,,
2015-04-05 00:05:00,93.9,91.0,64,0,0.113,1.5,,,
2015-04-05 00:06:00,93.7,90.5,62,0,0.125,1.4,,,
2015-04-05 00:07:00,93.4,90.1,60,0,0.119,1.5,,,
2015-04-05 00:08:00,93.1,89.2,61,0,0.115,1.3,,,
2015-04-05 00:09:00,92.9,88.7,58,0,0.126,1.3,,,
2015-04-05 00:10:00,92.6,88.3,56,0,0.13,1.0,,,
2015-04-05 00:11:00,92.3,87.4,56,0,0.126,1.1,,,
2015-04-05 00:12:00,92.1,86.9,57,0,0.129,1.2,,,
2015-04-05 00:13:00,91.8,86.9,58,0,0.126,1.1,,,
2015-04-05 00:14:00,91.7,86.9,57,0,0.129,1.1,,,
2015-04-05 00:15:00,91.6,87.3,61,0,0.124,1.0,,,
2015-04-05 00:16:00,91.6,87.3,61,0,0.133,1.2,,,
2015-04-05 00:17:00,91.5,87.3,62,0,0.134,1.1,,,
2015-04-05 00:18:00,91.5,87.3,62,0,0.138,1.0,,,
2015-04-05 00:19:00,91.5,87.8,63,0,0.133,1.0,,,
2015-04-05 00:20:00,91.6,87.8,64,0,0.135,1.5,,,
2015-04-05 00:21:00,91.6,87.8,66,0,0.142,1.7,,,
2015-04-05 00:22:00,91.8,88.7,69,0,0.151,1.7,,,
2015-04-05 00:23:00,91.8,88.3,69,0,0.152,1.9,,,
2015-04-05 00:24:00,92.0,88.2,70,0,0.177,1.7,,,
2015-04-05 00:25:00,92.1,88.2,67,0,0.179,1.3,,,
2015-04-05 00:26:00,92.1,88.2,61,0,0.171,1.2,,light,
2015-04-05 00:27:00,92.1,88.7,60,0,0.177,1.0,,light,
2015-04-05 00:28:00,92.3,89.1,60,0,0.178,1.1,,light,
2015-04-05 00:29:00,92.3,89.6,60,0,0.179,1.0,,light,
2015-04-05 00:30:00,92.5,90.0,59,0,0.179,1.0,,light,
2015-04-05 00:31:00,92.7,90.5,60,0,0.19,1.0,,light,
2015-04-05 00:32:00,92.8,90.9,60,0,0.18,1.0,,light,
2015-04-05 00:33:00,93.0,90.9,60,0,0.2,1.0,,light,
2015-04-05 00:34:00,93.2,91.4,60,0,0.183,1.1,,light,
2015-04-05 00:35:00,93.4,91.4,61,0,0.2,1.0,,light,
2015-04-05 00:36:00,93.5,91.8,61,0,0.199,1.0,,light,
2015-04-05 00:37:00,93.7,91.8,60,0,0.197,1.0,,light,
2015-04-05 00:38:00,93.7,92.3,62,0,0.193,1.0,,light,
2015-04-05 00:39:00,93.9,92.3,62,0,0.202,1.1,,light,
2015-04-05 00:40:00,93.9,92.3,62,0,0.204,1.0,,light,
2015-04-05 00:41:00,94.1,92.3,62,0,0.205,1.0,,light,
2015-04-05 00:42:00,94.1,92.7,63,0,0.206,1.0,,deep,
2015-04-05 00:43:00,94.3,92.8,62,0,0.21,1.0,,deep,
2015-04-05 00:44:00,94.3,92.8,62,0,0.22,1.1,,deep,
2015-04-05 00:45:00,94.4,93.2,63,0,0.213,1.0,,deep,
2015-04-05 00:46:00,94.6,93.2,64,0,0.218,1.0,,deep,
2015-04-05 00:47:00,94.6,93.2,64,0,0.221,1.0,,deep,
2015-04-05 00:48:00,94.6,93.2,64,0,0.22,1.0,,deep,
2015-04-05 00:49:00,94.8,93.2,64,0,0.225,1.0,,deep,
2015-04-05 00:50:00,94.8,93.2,64,0,0.227,1.0,,deep,
2015-04-05 00:51:00,94.8,93.2,64,0,0.22,1.0,,deep,
2015-04-05 00:52:00,94.8,93.6,64,0,0.232,1.0,,deep,
2015-04-05 00:53:00,94.8,93.7,64,0,0.228,1.0,,deep,
2015-04-05 00:54:00,94.8,93.7,64,0,0.236,1.1,,deep,
2015-04-05 00:55:00,95.0,93.7,65,0,0.236,1.0,,deep,
2015-04-05 00:56:00,95.0,93.7,65,0,0.238,1.0,,deep,
2015-04-05 00:57:00,95.0,93.7,65,0,0.245,1.0,,deep,
2015-04-05 00:58:00,95.0,93.7,64,0,0.259,1.0,,deep,
2015-04-05 00:59:00,95.0,93.7,65,0,0.242,1.0,,deep,
2015-04-05 01:00:00,95.0,93.7,66,0,0.248,1.0,,deep,
2015-04-05 01:01:00,95.0,93.7,66,0,0.239,1.0,,deep,
2015-04-05 01:02:00,95.0,93.7,66,0,0.251,1.0,,light,
2015-04-05 01:03:00,95.2,94.1,65,0,0.246,1.0,,light,
2015-04-05 01:04:00,95.2,94.1,66,0,0.254,1.0,,light,
2015-04-05 01:05:00,95.2,94.1,66,0,0.268,1.0,,light,
2015-04-05 01:06:00,95.2,94.1,66,0,0.258,1.1,,light,
2015-04-05 01:07:00,95.2,94.1,66,0,0.261,1.0,,light,
2015-04-05 01:08:00,95.2,94.1,65,0,0.274,1.0,,light,
2015-04-05 01:09:00,95.2,95.4,66,0,0.294,1.0,,deep,
2015-04-05 01:10:00,95.4,94.6,66,0,0.27,1.0,,deep,
2015-04-05 01:11:00,95.4,94.1,66,0,0.301,1.0,,deep,
2015-04-05 01:12:00,95.3,94.1,66,0,0.304,1.0,,deep,
2015-04-05 01:13:00,95.2,94.1,65,0,0.325,1.0,,deep,
2015-04-05 01:14:00,95.2,94.1,65,0,0.33,1.0,,deep,
2015-04-05 01:15:00,95.2,94.1,67,0,0.327,1.0,,deep,
2015-04-05 01:16:00,95.2,94.1,67,0,0.353,1.0,,light,
2015-04-05 01:17:00,95.2,94.1,67,0,0.366,1.0,,rem,
2015-04-05 01:18:00,95.2,94.1,66,0,0.391,1.0,,rem,
2015-04-05 01:19:00,95.2,94.1,67,0,0.382,1.0,,rem,
2015-04-05 01:20:00,95.2,94.1,68,0,0.356,1.1,,rem,
2015-04-05 01:21:00,95.2,93.7,67,0,0.307,1.2,,rem,
2015-04-05 01:22:00,95.1,92.8,65,0,0.295,1.0,,rem,
2015-04-05 01:23:00,94.9,92.3,69,0,0.289,1.0,,rem,
2015-04-05 01:24:00,94.7,91.4,67,0,0.325,1.1,,rem,
2015-04-05 01:25:00,94.5,91.0,68,0,0.319,1.0,,rem,
2015-04-05 01:26:00,94.2,90.5,67,0,0.312,1.0,,rem,
2015-04-05 01:27:00,94.0,90.1,67,0,0.312,0.9,,rem,
2015-04-05 01:28:00,93.8,90.1,67,0,0.311,1.0,,rem,
2015-04-05 01:29:00,93.6,89.6,67,0,0.333,0.9,,rem,
2015-04-05 01:30:00,93.4,89.6,67,0,0.297,1.0,,rem,
2015-04-05 01:31:00,93.3,89.2,67,0,0.317,1.0,,rem,
2015-04-05 01:32:00,93.2,89.2,67,0,0.312,1.0,,rem,
2015-04-05 01:33:00,93.1,89.2,67,0,0.307,0.9,,rem,
2015-04-05 01:34:00,93.0,89.2,66,0,0.313,1.0,,rem,
2015-04-05 01:35:00,93.0,89.2,67,0,0.305,1.0,,rem,
2015-04-05 01:36:00,92.9,89.2,68,0,0.316,1.0,,rem,
2015-04-05 01:37:00,92.8,88.7,67,0,0.32,1.0,,rem,
2015-04-05 01:38:00,92.8,88.7,68,0,0.318,1.0,,rem,
2015-04-05 01:39:00,92.8,88.7,68,0,0.325,1.0,,rem,
2015-04-05 01:40:00,92.7,88.7,67,0,0.32,1.0,,rem,
2015-04-05 01:41:00,92.5,88.7,67,0,0.335,1.0,,rem,
2015-04-05 01:42:00,92.5,88.7,67,0,0.328,1.0,,rem,
2015-04-05 01:43:00,92.5,88.7,67,0,0.337,0.9,,rem,
2015-04-05 01:44:00,92.5,88.7,67,0,0.344,1.0,,rem,
2015-04-05 01:45:00,92.5,88.7,67,0,0.341,1.0,,rem,
2015-04-05 01:46:00,92.5,88.7,67,0,0.34,1.0,,light,
2015-04-05 01:47:00,92.3,88.3,66,0,0.348,1.1,,light,
2015-04-05 01:48:00,92.3,88.2,66,0,0.326,1.0,,light,
2015-04-05 01:49:00,92.3,88.2,66,0,0.353,1.0,,light,
2015-04-05 01:50:00,92.3,88.7,65,0,0.343,1.0,,light,
2015-04-05 01:51:00,92.3,88.7,67,0,0.351,1.1,,light,
2015-04-05 01:52:00,92.5,88.3,63,0,0.347,1.1,,light,
2015-04-05 01:53:00,92.8,88.2,67,0,0.341,1.1,,light,toss_and_turn
2015-04-05 01:54:00,92.8,88.2,67,0,0.355,0.9,,light,
2015-04-05 01:55:00,92.8,88.2,66,0,0.351,1.0,,light,
2015-04-05 01:56:00,92.8,88.7,67,0,0.351,1.0,,light,
2015-04-05 01:57:00,92.7,88.3,65,0,0.352,1.2,,rem,
2015-04-05 01:58:00,92.5,87.8,66,0,0.356,1.0,,rem,
2015-04-05 01:59:00,92.5,88.2,68,0,0.356,1.0,,rem,
2015-04-05 02:00:00,92.5,88.2,67,0,0.349,1.0,,rem,
2015-04-05 02:01:00,92.4,88.7,69,0,0.36,1.0,,rem,
2015-04-05 02:02:00,92.4,88.7,70,0,0.358,1.0,,rem,
2015-04-05 02:03:00,92.5,89.1,68,0,0.356,1.0,,rem,
2015-04-05 02:04:00,92.5,89.2,69,0,0.351,1.0,,rem,
2015-04-05 02:05:00,92.5,89.2,71,0,0.366,1.1,,rem,
2015-04-05 02:06:00,92.7,89.6,67,0,0.359,1.0,,rem,
2015-04-05 02:07:00,92.8,89.6,63,0,0.378,1.1,,rem,toss_and_turn
2015-04-05 02:08:00,92.8,89.6,65,0,0.369,1.0,,rem,
2015-04-05 02:09:00,92.8,89.6,67,0,0.374,1.1,,rem,
2015-04-05 02:10:00,92.8,90.0,68,0,0.375,1.0,,rem,
2015-04-05 02:11:00,92.8,90.1,73,0,0.378,1.0,,rem,
2015-04-05 02:12:00,92.8,90.1,71,0,0.407,1.1,,rem,
2015-04-05 02:13:00,93.0,90.5,70,0,0.368,1.0,,rem,
2015-04-05 02:14:00,93.0,90.9,68,0,0.38,1.0,,rem,
2015-04-05 02:15:00,93.1,90.9,70,0,0.389,1.0,,rem,
2015-04-05 02:16:00,93.3,91.4,69,0,0.386,1.0,,rem,
2015-04-05 02:17:00,93.2,91.0,65,0,0.381,1.3,,rem,toss_and_turn
2015-04-05 02:18:00,93.2,89.6,66,0,0.38,1.0,,rem,
2015-04-05 02:19:00,93.0,88.7,66,0,0.41,1.0,,rem,
2015-04-05 02:20:00,92.8,88.3,63,0,0.388,0.9,,rem,
2015-04-05 02:21:00,92.5,86.9,62,0,0.37,0.9,,rem,
2015-04-05 02:22:00,92.4,86.9,57,0,0.376,1.3,,light,
2015-04-05 02:23:00,92.3,86.9,59,0,0.375,1.0,,light,
2015-04-05 02:24:00,92.1,86.9,60,0,0.405,0.9,,light,
2015-04-05 02:25:00,92.1,86.9,60,0,0.378,1.0,,light,
2015-04-05 02:26:00,92.1,86.9,60,0,0.398,1.0,,light,
2015-04-05 02:27:00,92.1,86.9,60,0,0.379,1.0,,deep,
2015-04-05 02:28:00,92.1,86.5,60,0,0.372,1.0,,deep,
2015-04-05 02:29:00,92.1,86.4,60,0,0.357,1.0,,deep,
2015-04-05 02:30:00,92.1,86.4,59,0,0.367,1.0,,deep,
2015-04-05 02:31:00,92.1,86.4,58,0,0.379,1.0,,deep,
2015-04-05 02:32:00,92.1,86.4,58,0,0.411,1.0,,deep,
2015-04-05 02:33:00,92.0,86.4,57,0,0.388,1.0,,deep,
2015-04-05 02:34:00,91.8,86.4,58,0,0.399,1.0,,deep,
2015-04-05 02:35:00,92.0,86.4,57,0,0.382,1.0,,light,
2015-04-05 02:36:00,91.8,86.4,57,0,0.394,1.0,,light,
2015-04-05 02:37:00,91.8,86.4,59,0,0.375,1.0,,light,
2015-04-05 02:38:00,91.9,86.4,59,0,0.44,1.0,,light,
2015-04-05 02:39:00,92.0,86.4,59,0,0.424,0.9,,light,
2015-04-05 02:40:00,91.8,86.4,58,0,0.404,1.0,,light,
2015-04-05 02:41:00,91.9,86.4,59,0,0.394,1.0,,light,
2015-04-05 02:42:00,91.9,86.4,58,0,0.369,1.0,,light,
2015-04-05 02:43:00,92.0,86.4,58,0,0.444,1.0,,light,
2015-04-05 02:44:00,92.0,86.4,59,0,0.405,1.0,,light,
2015-04-05 02:45:00,92.0,86.4,59,0,0.408,1.0,,light,
2015-04-05 02:46:00,92.1,86.4,59,0,0.412,1.0,,light,
2015-04-05 02:47:00,92.1,86.4,59,0,0.389,1.0,,deep,
2015-04-05 02:48:00,92.1,86.4,59,0,0.42,1.0,,deep,
2015-04-05 02:49:00,92.1,86.4,60,0,0.437,1.0,,deep,
2015-04-05 02:50:00,92.1,86.4,59,0,0.474,1.0,,light,
2015-04-05 02:51:00,92.1,86.4,60,0,0.451,1.0,,light,
2015-04-05 02:52:00,92.1,86.0,61,0,0.435,1.0,,light,
2015-04-05 02:53:00,92.1,86.0,60,0,0.428,1.0,,light,
2015-04-05 02:54:00,92.1,86.0,60,0,0.419,1.0,,light,
2015-04-05 02:55:00,92.1,86.4,60,0,0.445,1.0,,light,
2015-04-05 02:56:00,92.1,86.4,60,0,0.436,1.0,,light,
2015-04-05 02:57:00,92.1,86.4,61,0,0.439,1.0,,light,
2015-04-05 02:58:00,92.1,86.4,63,0,0.456,1.2,,light,toss_and_turn
2015-04-05 02:59:00,91.9,86.4,61,0,0.457,1.1,,light,
2015-04-05 02:00:00,91.8,86.4,61,0,0.454,0.9,,light,
2015-04-05 02:01:00,91.8,86.4,59,0,0.439,1.0,,light,
2015-04-05 02:02:00,91.8,86.9,60,0,0.453,1.0,,light,
2015-04-05 02:03:00,91.8,86.9,60,0,0.452,1.1,,light,
2015-04-05 02:04:00,91.8,87.3,61,0,0.461,1.0,,light,
2015-04-05 02:05:00,92.0,87.3,60,0,0.47,1.0,,light,
2015-04-05 02:06:00,92.1,87.8,61,0,0.474,1.0,,light,
2015-04-05 02:07:00,92.1,87.8,60,0,0.46,1.0,,light,
2015-04-05 02:08:00,92.1,87.8,61,0,0.46,1.0,,light,
2015-04-05 02:09:00,92.3,88.2,61,0,0.46,0.9,,light,
2015-04-05 02:10:00,92.3,88.2,60,0,0.462,1.0,,light,
2015-04-05 02:11:00,92.3,88.2,60,0,0.47,0.9,,light,
2015-04-05 02:12:00,92.3,88.7,60,0,0.47,1.1,,light,toss_and_turn
2015-04-05 02:13:00,92.3,88.3,59,0,0.466,1.0,,light,
2015-04-05 02:14:00,92.3,87.8,60,0,0.477,1.0,,rem,
2015-04-05 02:15:00,92.1,87.8,60,0,0.481,1.0,,rem,
2015-04-05 02:16:00,92.1,87.4,61,0,0.461,0.9,,rem,
2015-04-05 02:17:00,91.9,87.3,72,0,0.46,1.2,,rem,toss_and_turn
2015-04-05 02:18:00,91.8,86.9,57,0,0.458,1.1,,rem,
2015-04-05 02:19:00,91.6,86.5,58,0,0.482,1.0,,rem,
2015-04-05 02:20:00,91.4,86.4,56,0,0.473,1.0,,rem,
2015-04-05 02:21:00,91.3,86.0,56,0,0.479,1.0,,rem,
2015-04-05 02:22:00,91.2,86.0,56,0,0.463,1.0,,rem,
2015-04-05 02:23:00,91.1,86.0,57,0,0.472,1.0,,rem,
2015-04-05 02:24:00,90.9,86.0,57,0,0.472,1.0,,rem,
2015-04-05 02:25:00,90.8,85.6,60,0,0.465,1.1,,rem,
2015-04-05 02:26:00,90.7,85.6,61,0,0.468,1.0,,rem,
2015-04-05 02:27:00,90.7,85.1,65,0,0.488,1.1,,rem,toss_and_turn
2015-04-05 02:28:00,90.7,85.1,60,0,0.473,1.0,,rem,
2015-04-05 02:29:00,90.5,85.1,57,0,0.462,1.0,,rem,
2015-04-05 02:30:00,90.5,85.1,59,0,0.489,1.0,,rem,
2015-04-05 02:31:00,90.5,85.1,65,0,0.511,1.4,,rem,toss_and_turn
2015-04-05 02:32:00,90.6,86.4,60,0,0.488,1.0,,rem,
2015-04-05 02:33:00,90.7,87.3,60,0,0.531,1.0,,rem,
2015-04-05 02:34:00,90.9,88.2,62,0,0.517,1.0,,rem,
2015-04-05 02:35:00,91.2,88.7,62,0,0.514,1.0,,rem,
2015-04-05 02:36:00,91.4,89.1,64,0,0.519,1.0,,rem,toss_and_turn
2015-04-05 02:37:00,91.7,89.2,65,0,0.502,1.3,,rem,toss_and_turn
2015-04-05 02:38:00,91.9,88.7,61,0,0.481,1.1,,rem,
2015-04-05 02:39:00,92.1,88.3,61,0,0.481,1.0,,rem,
2015-04-05 02:40:00,92.1,87.8,61,0,0.482,1.0,,rem,
2015-04-05 02:41:00,92.1,87.8,60,0,0.444,1.0,,rem,
2015-04-05 02:42:00,92.1,87.4,60,0,0.513,1.0,,rem,
2015-04-05 02:43:00,91.9,86.9,60,0,0.479,1.0,,rem,
2015-04-05 02:44:00,91.8,86.9,60,0,0.487,1.0,,rem,
2015-04-05 02:45:00,91.8,86.5,59,0,0.451,1.1,,rem,
2015-04-05 02:46:00,91.6,86.4,60,0,0.48,1.0,,rem,
2015-04-05 02:47:00,91.6,86.4,61,0,0.494,1.0,,rem,
2015-04-05 02:48:00,91.6,86.4,62,0,0.499,1.0,,rem,
2015-04-05 02:49:00,91.8,86.9,63,0,0.596,1.6,,rem,toss_and_turn
2015-04-05 02:50:00,91.9,88.7,62,0,0.675,1.4,,light,
2015-04-05 02:51:00,92.2,90.0,63,0,0.662,1.0,,light,
2015-04-05 02:52:00,92.5,90.5,61,0,0.674,1.0,,light,
2015-04-05 02:53:00,92.9,91.4,62,0,0.686,1.0,,light,
2015-04-05 02:54:00,93.1,91.8,61,0,0.702,1.0,,,
2015-04-05 02:55:00,93.4,92.3,67,0,0.659,1.5,,,
2015-04-05 02:56:00,93.7,93.2,57,0,0.672,1.5,,,
2015-04-05 02:57:00,94.1,94.1,60,0,0.696,1.5,,,
2015-04-05 02:58:00,94.4,94.5,62,0,0.74,1.5,,,
2015-04-05 02:59:00,94.7,95.4,64,0,0.846,1.4,,,
2015-04-05 03:00:00,95.0,95.0,64,0,0.863,1.6,,,
2015-04-05 03:01:00,95.0,95.0,62,0,0.997,1.4,,,
2015-04-05 03:02:00,95.2,95.0,67,0,0.967,1.2,,,
2015-04-05 03:03:00,95.2,95.0,73,0,0.947,1.5,,,
2015-04-05 03:04:00,95.4,95.4,67,0,1.02,1.3,,,
2015-04-05 03:05:00,95.4,95.4,69,0,1.07,1.3,,,
2015-04-05 03:06:00,95.6,95.4,64,0,1.15,1.2,,,
2015-04-05 03:07:00,95.7,95.4,69,0,1.2,1.2,,,
2015-04-05 03:08:00,95.7,95.4,69,0,1.14,1.3,,,
2015-04-05 03:09:00,95.8,96.8,67,0,1.13,1.2,,,
2015-04-05 03:10:00,96.0,96.8,72,0,1.24,1.7,,,
2015-04-05 03:11:00,96.1,96.8,77,0,1.13,1.6,,,
2015-04-05 03:12:00,96.3,96.4,79,0,1.18,1.6,,,
2015-04-05 03:13:00,96.3,96.3,67,0,1.24,1.5,,,
2015-04-05 03:14:00,96.3,96.3,68,0,1.21,1.4,,,
2015-04-05 03:15:00,96.4,96.8,93,0,1.16,1.9,,,
2015-04-05 03:16:00,96.6,96.8,68,0,1.16,1.5,,,
2015-04-05 03:17:00,96.6,96.8,70,0,1.21,1.6,,,
2015-04-05 03:18:00,96.6,96.8,68,0,1.24,1.1,,,
2015-04-05 03:19:00,96.6,96.8,70,0,1.19,1.7,,,
2015-04-05 03:20:00,96.7,96.4,71,0,1.24,1.5,,,
2015-04-05 03:21:00,96.6,96.8,93,35,1.1,2.7,,,
2015-04-05 03:22:00,96.7,96.8,85,28,1.21,2.4,,,
2015-04-05 03:23:00,96.8,97.2,76,0,1.3,1.9,,,
2015-04-05 03:24:00,96.8,96.8,67,0,1.41,1.2,,,
2015-04-05 03:25:00,96.8,96.8,67,0,1.44,1.2,,,
2015-04-05 03:26:00,96.8,97.2,73,14,1.8,1.9,,,
2015-04-05 03:27:00,96.8,96.8,74,46,2.04,2.8,,,
2015-04-05 03:28:00,96.8,96.8,69,0,2.1,1.5,,,
2015-04-05 03:29:00,96.8,96.8,82,53,1.9,3.1,,,
2015-04-05 03:30:00,96.8,96.8,93,0,1.82,2.3,,,
2015-04-05 03:31:00,96.8,96.8,72,0,1.81,1.5,,,
2015-04-05 03:32:00,96.8,95.9,71,0,1.87,2.0,,,
2015-04-05 03:33:00,96.5,94.6,67,0,1.85,1.5,,,
2015-04-05 03:34:00,96.2,94.1,63,0,1.9,1.2,,,
2015-04-05 03:35:00,96.0,93.7,61,0,1.89,1.1,,,
2015-04-05 03:36:00,95.7,93.2,60,0,1.93,1.0,,,
2015-04-05 03:37:00,95.5,92.8,61,0,1.87,1.0,,,
2015-04-05 03:38:00,95.3,92.3,60,0,1.89,1.1,,,
2015-04-05 03:39:00,95.2,92.3,60,0,1.91,1.2,,,
2015-04-05 03:40:00,95.2,92.3,62,0,1.89,1.1,,,
2015-04-05 03:41:00,95.2,92.7,62,0,1.91,1.0,,,
2015-04-05 03:42:00,95.2,92.8,60,0,1.91,1.0,,,
2015-04-05 03:43:00,95.2,92.8,62,0,1.91,1.0,,,
2015-04-05 03:44:00,95.2,92.8,62,0,1.96,1.1,,,
2015-04-05 03:45:00,95.2,93.2,62,0,1.96,1.1,,,
2015-04-05 03:46:00,95.3,93.2,62,0,1.95,1.1,,,
2015-04-05 03:47:00,95.4,92.8,64,0,1.96,1.1,,,
2015-04-05 03:48:00,95.3,92.3,65,0,1.99,1.2,,,
2015-04-05 03:49:00,95.2,92.3,64,0,1.92,1.4,,,
2015-04-05 03:50:00,95.0,91.4,69,0,1.98,1.9,,,
2015-04-05 03:51:00,94.8,91.0,,0,1.83,2.0,,,
2015-04-05 03:52:00,94.5,90.5,69,0,1.9,1.7,,,
2015-04-05 03:53:00,94.3,89.6,61,0,1.94,1.2,,light,
2015-04-05 03:54:00,94.0,89.2,60,0,1.99,1.1,,light,
2015-04-05 03:55:00,93.9,89.2,59,0,1.92,1.1,,light,
2015-04-05 03:56:00,93.7,89.2,59,0,1.93,1.2,,light,
2015-04-05 03:57:00,93.5,89.2,62,0,1.92,1.2,,light,
2015-04-05 03:58:00,93.4,89.2,60,0,1.96,1.0,,light,
2015-04-05 03:59:00,93.4,89.2,62,0,1.96,1.1,,light,
2015-04-05 04:00:00,93.2,89.2,64,0,1.9,1.3,,light,
2015-04-05 04:01:00,93.2,89.2,62,0,1.95,1.3,,light,
2015-04-05 04:02:00,93.2,89.2,62,0,1.96,1.1,,light,
2015-04-05 04:03:00,93.1,89.6,61,0,1.92,1.2,,light,
2015-04-05 04:04:00,93.0,89.6,62,0,1.96,1.1,,light,
2015-04-05 04:05:00,93.0,89.6,61,0,1.93,1.1,,light,
2015-04-05 04:06:00,93.0,89.6,61,0,1.91,1.3,,light,
2015-04-05 04:07:00,93.1,89.6,62,0,1.93,1.0,,light,
2015-04-05 04:08:00,93.2,89.6,61,0,1.95,1.2,,light,
2015-04-05 04:09:00,93.2,89.6,61,0,1.92,1.4,,light,
2015-04-05 04:10:00,93.2,89.6,59,0,1.97,1.1,,light,
2015-04-05 04:11:00,93.2,89.6,63,0,1.98,1.4,,light,
2015-04-05 04:12:00,93.1,89.6,65,0,1.9,1.5,,light,toss_and_turn
2015-04-05 04:13:00,93.1,88.7,64,0,1.96,1.3,,light,
2015-04-05 04:14:00,93.0,88.3,65,0,1.98,1.2,,light,
2015-04-05 04:15:00,92.9,87.8,63,0,1.86,1.0,,light,
2015-04-05 04:16:00,92.7,87.4,64,0,1.97,1.1,,light,
2015-04-05 04:17:00,92.5,86.9,65,0,1.89,1.1,,light,
2015-04-05 04:18:00,92.3,86.5,63,0,1.9,1.1,,light,
2015-04-05 04:19:00,92.3,86.0,64,0,1.89,1.4,,light,
2015-04-05 04:20:00,92.1,85.6,74,0,1.88,1.9,,light,
2015-04-05 04:21:00,91.7,85.6,65,0,1.88,1.4,,light,toss_and_turn
2015-04-05 04:22:00,91.5,86.4,58,0,1.87,1.0,,light,
2015-04-05 04:23:00,91.4,87.3,57,0,1.87,1.0,,light,
2015-04-05 04:24:00,91.4,87.8,57,0,1.87,1.0,,light,
2015-04-05 04:25:00,91.6,88.7,56,0,1.8,1.1,,light,
2015-04-05 04:26:00,91.7,89.1,55,0,1.88,1.0,,light,
2015-04-05 04:27:00,91.9,89.6,55,0,1.89,1.0,,light,
2015-04-05 04:28:00,92.2,90.0,56,0,1.9,1.1,,light,toss_and_turn
2015-04-05 04:29:00,92.5,90.1,55,0,1.91,1.2,,light,toss_and_turn
2015-04-05 04:30:00,92.5,89.2,55,0,1.93,1.0,,light,toss_and_turn
2015-04-05 04:31:00,92.5,88.3,57,0,1.94,1.0,,light,
2015-04-05 04:32:00,92.4,87.4,56,0,1.91,1.0,,light,
2015-04-05 04:33:00,92.2,86.5,57,0,1.9,1.0,,light,
2015-04-05 04:34:00,91.9,85.6,56,0,1.92,1.0,,light,
2015-04-05 04:35:00,91.7,85.1,55,0,1.93,1.0,,light,
2015-04-05 04:36:00,91.4,84.7,56,0,1.84,1.0,,deep,
2015-04-05 04:37:00,91.2,84.2,56,0,1.96,1.0,,deep,
2015-04-05 04:38:00,90.9,83.8,57,0,1.94,1.0,,deep,
2015-04-05 04:39:00,90.7,83.3,56,0,1.87,1.0,,deep,
2015-04-05 04:40:00,90.5,82.9,57,0,1.93,1.0,,deep,
2015-04-05 04:41:00,90.4,82.8,56,0,1.89,1.0,,deep,
2015-04-05 04:42:00,90.3,82.8,57,0,1.9,1.1,,deep,
2015-04-05 04:43:00,90.1,82.4,57,0,1.89,0.9,,deep,
2015-04-05 04:44:00,90.1,82.4,57,0,1.94,1.0,,deep,
2015-04-05 04:45:00,89.8,82.0,58,0,1.91,1.0,,deep,
2015-04-05 04:46:00,89.8,81.9,58,0,1.87,1.0,,deep,
2015-04-05 04:47:00,89.7,81.9,58,0,1.91,1.0,,deep,
2015-04-05 04:48:00,89.6,81.9,58,0,1.89,1.0,,deep,
2015-04-05 04:49:00,89.6,81.9,58,0,1.9,1.0,,deep,
2015-04-05 04:50:00,89.4,81.9,58,0,1.92,1.0,,deep,
2015-04-05 04:51:00,89.4,81.5,57,0,1.93,1.0,,deep,
2015-04-05 04:52:00,89.3,81.5,59,0,1.86,1.0,,deep,
2015-04-05 04:53:00,89.2,81.5,58,0,1.83,1.0,,deep,
2015-04-05 04:54:00,89.2,81.5,59,0,1.9,1.0,,deep,
2015-04-05 04:55:00,89.2,81.5,59,0,1.91,1.0,,deep,
2015-04-05 04:56:00,89.2,81.5,58,0,1.95,1.0,,deep,
2015-04-05 04:57:00,89.1,81.5,59,0,1.85,1.0,,deep,
2015-04-05 04:58:00,88.9,81.5,58,0,1.87,1.0,,deep,
2015-04-05 04:59:00,88.9,81.5,59,0,1.96,1.0,,deep,
2015-04-05 05:00:00,88.9,81.1,59,0,1.87,1.0,,light,
2015-04-05 05:01:00,88.9,81.1,59,0,1.94,1.0,,light,
2015-04-05 05:02:00,88.9,81.1,59,0,1.92,1.0,,light,
2015-04-05 05:03:00,88.9,81.1,59,0,2.0,1.0,,light,
2015-04-05 05:04:00,88.8,81.1,58,0,1.88,1.0,,light,
2015-04-05 05:05:00,88.7,81.1,59,0,1.94,1.0,,light,
2015-04-05 05:06:00,88.8,81.1,70,0,1.92,1.3,,light,toss_and_turn
2015-04-05 05:07:00,89.0,81.5,59,0,1.92,1.0,,light,
2015-04-05 05:08:00,89.2,82.4,61,0,1.92,0.9,,light,
2015-04-05 05:09:00,89.3,83.3,62,0,1.92,1.0,,light,
2015-04-05 05:10:00,89.5,84.2,60,0,1.92,1.0,,light,
2015-04-05 05:11:00,89.8,85.1,61,0,1.84,1.1,,light,
2015-04-05 05:12:00,90.0,85.5,63,0,2.02,1.0,,light,
2015-04-05 05:13:00,90.2,86.4,64,0,2.0,1.0,,light,
2015-04-05 05:14:00,90.5,86.9,62,0,2.07,1.0,,light,
2015-04-05 05:15:00,90.8,87.3,61,0,2.02,1.0,,light,
2015-04-05 05:16:00,91.0,87.8,63,0,2.1,1.0,,light,
2015-04-05 05:17:00,91.2,88.2,63,0,2.07,1.0,,light,
2015-04-05 05:18:00,91.4,88.7,62,0,2.08,1.1,,light,
2015-04-05 05:19:00,91.6,89.1,62,0,2.08,1.0,,rem,
2015-04-05 05:20:00,91.8,89.6,63,0,2.09,1.0,,rem,
2015-04-05 05:21:00,92.1,90.0,64,0,2.07,1.0,,rem,
2015-04-05 05:22:00,92.4,90.5,62,0,2.11,1.1,,rem,
2015-04-05 05:23:00,92.7,90.5,64,0,2.1,1.0,,rem,
2015-04-05 05:24:00,92.9,90.9,63,0,2.12,1.0,,rem,
2015-04-05 05:25:00,93.1,90.9,67,0,2.12,1.2,,rem,toss_and_turn
2015-04-05 05:26:00,93.2,90.9,59,0,2.31,1.2,,rem,toss_and_turn
2015-04-05 05:27:00,93.2,90.1,61,0,2.37,1.0,,rem,
2015-04-05 05:28:00,93.1,89.6,59,0,2.37,1.1,,rem,
2015-04-05 05:29:00,93.0,89.2,60,0,2.41,1.0,,rem,
2015-04-05 05:30:00,92.9,89.2,58,0,2.51,1.0,,rem,
2015-04-05 05:31:00,92.8,89.2,60,0,2.47,1.1,,rem,
2015-04-05 05:32:00,92.7,89.2,60,0,2.46,1.0,,rem,
2015-04-05 05:33:00,92.6,89.2,64,0,2.45,1.0,,rem,
2015-04-05 05:34:00,92.5,89.2,61,0,2.46,1.0,,rem,
2015-04-05 05:35:00,92.5,89.2,61,0,2.48,1.0,,rem,
2015-04-05 05:36:00,92.5,89.2,60,0,2.46,1.0,,rem,
2015-04-05 05:37:00,92.4,89.2,59,0,2.46,1.0,,rem,
2015-04-05 05:38:00,92.3,89.2,59,0,2.47,1.0,,rem,
2015-04-05 05:39:00,92.3,89.2,61,0,2.49,1.0,,rem,
2015-04-05 05:40:00,92.3,89.2,63,0,2.48,1.0,,rem,
2015-04-05 05:41:00,92.3,89.2,63,0,2.5,0.9,,rem,
2015-04-05 05:42:00,92.3,89.2,65,0,2.49,0.9,,light,
2015-04-05 05:43:00,92.3,89.2,59,0,2.48,1.0,,light,
2015-04-05 05:44:00,92.3,89.2,65,0,2.47,1.0,,light,
2015-04-05 05:45:00,92.5,89.2,62,0,2.46,1.1,,light,
2015-04-05 05:46:00,92.5,89.2,61,0,2.44,1.0,,light,
2015-04-05 05:47:00,92.5,89.2,61,0,2.49,1.0,,light,
2015-04-05 05:48:00,92.5,89.2,60,0,2.48,1.0,,light,
2015-04-05 05:49:00,92.5,89.6,63,0,2.49,1.0,,light,
2015-04-05 05:50:00,92.5,89.6,60,0,2.47,1.0,,light,
2015-04-05 05:51:00,92.5,89.6,63,0,2.47,1.0,,light,
2015-04-05 05:52:00,92.5,89.6,60,0,3.32,1.2,,light,toss_and_turn
2015-04-05 05:53:00,92.5,89.6,63,0,3.7,1.1,,rem,
2015-04-05 05:54:00,92.5,90.0,67,0,3.74,1.0,,rem,
2015-04-05 05:55:00,92.7,90.1,64,0,3.8,1.0,,rem,
2015-04-05 05:56:00,92.8,90.9,61,0,4.04,1.2,,rem,
2015-04-05 05:57:00,92.9,91.8,63,0,4.08,1.0,,rem,
2015-04-05 05:58:00,93.3,92.7,63,0,4.1,1.0,,rem,
2015-04-05 05:59:00,93.6,93.2,65,0,4.1,1.0,,rem,
2015-04-05 06:00:00,93.8,93.6,59,0,4.25,1.1,,rem,toss_and_turn
2015-04-05 06:01:00,94.1,93.7,62,0,4.26,1.0,,rem,
2015-04-05 06:02:00,94.2,93.7,63,0,4.34,1.0,,rem,
2015-04-05 06:03:00,94.3,92.8,65,0,4.24,1.2,,rem,toss_and_turn
2015-04-05 06:04:00,94.3,91.9,63,0,4.21,1.0,,rem,
2015-04-05 06:05:00,94.1,91.8,64,0,4.16,1.0,,rem,
2015-04-05 06:06:00,94.1,91.4,60,0,4.19,1.0,,rem,
2015-04-05 06:07:00,93.9,91.4,62,0,4.14,1.0,,rem,
2015-04-05 06:08:00,93.7,91.4,62,0,4.45,1.0,,rem,
2015-04-05 06:09:00,93.7,92.3,61,0,4.41,1.1,,rem,toss_and_turn
2015-04-05 06:10:00,93.9,92.3,62,0,4.47,1.1,,rem,
2015-04-05 06:11:00,93.9,92.3,61,0,4.42,1.0,,rem,
2015-04-05 06:12:00,93.9,92.3,62,0,4.41,1.1,,rem,
2015-04-05 06:13:00,94.1,92.3,59,0,4.49,1.1,,rem,
2015-04-05 06:14:00,94.1,92.3,61,0,4.46,1.1,,rem,
2015-04-05 06:15:00,94.1,92.7,61,0,4.51,1.0,,rem,
2015-04-05 06:16:00,94.2,92.8,68,0,4.69,1.2,,rem,toss_and_turn
2015-04-05 06:17:00,94.2,91.4,64,0,4.83,1.1,,rem,toss_and_turn
2015-04-05 06:18:00,94.1,90.5,62,0,4.81,1.0,,rem,
2015-04-05 06:19:00,93.9,90.5,62,0,4.86,1.0,,rem,
2015-04-05 06:20:00,93.9,90.1,63,0,4.72,0.9,,rem,
2015-04-05 06:21:00,93.7,90.1,61,0,4.77,1.0,,rem,
2015-04-05 06:22:00,93.5,90.1,61,0,4.78,1.0,,light,
2015-04-05 06:23:00,93.4,90.1,61,0,4.78,1.0,,light,
2015-04-05 06:24:00,93.3,90.1,62,0,4.77,1.0,,light,
2015-04-05 06:25:00,93.2,90.1,62,0,4.8,1.0,,light,
2015-04-05 06:26:00,93.2,90.1,62,0,4.75,0.9,,light,
2015-04-05 06:27:00,93.2,90.1,61,0,4.73,1.0,,deep,
2015-04-05 06:28:00,93.1,90.1,60,0,4.67,1.0,,deep,
2015-04-05 06:29:00,93.0,90.1,62,0,4.82,1.0,,deep,
2015-04-05 06:30:00,93.0,90.1,62,0,4.76,1.0,,deep,
2015-04-05 06:31:00,93.0,90.1,61,0,4.79,0.9,,deep,
2015-04-05 06:32:00,93.0,90.1,62,0,4.71,1.0,,deep,
2015-04-05 06:33:00,93.0,90.1,61,0,4.73,1.0,,deep,
2015-04-05 06:34:00,93.0,90.1,62,0,4.74,1.0,,deep,
2015-04-05 06:35:00,93.0,90.1,62,0,4.67,0.9,,deep,
2015-04-05 06:36:00,93.0,90.1,62,0,4.79,0.9,,deep,
2015-04-05 06:37:00,93.0,90.1,62,0,4.73,1.0,,deep,
2015-04-05 06:38:00,93.0,90.1,62,0,4.72,0.9,,deep,
2015-04-05 06:39:00,93.0,90.1,63,0,4.7,1.0,,deep,
2015-04-05 06:40:00,92.9,90.1,62,0,4.74,0.9,,deep,
2015-04-05 06:41:00,92.9,90.1,63,0,4.74,1.1,,deep,
2015-04-05 06:42:00,92.8,90.1,61,0,4.77,1.0,,light,
2015-04-05 06:43:00,92.8,90.1,62,0,4.81,1.0,,light,
2015-04-05 06:44:00,92.8,90.1,62,0,4.72,0.9,,light,
2015-04-05 06:45:00,92.8,90.5,61,0,4.76,1.0,,light,
2015-04-05 06:46:00,92.8,90.5,64,0,4.75,1.0,,light,
2015-04-05 06:47:00,92.8,90.5,62,0,4.83,1.0,,light,
2015-04-05 06:48:00,92.9,90.5,63,0,4.91,1.0,,light,
2015-04-05 06:49:00,92.8,90.1,55,0,5.15,1.3,,light,toss_and_turn
2015-04-05 06:50:00,92.8,90.1,55,0,5.15,1.0,,light,
2015-04-05 06:51:00,92.8,89.6,55,0,5.19,1.0,,light,
2015-04-05 06:52:00,92.7,89.2,54,0,5.19,1.0,,light,
2015-04-05 06:53:00,92.5,89.2,56,0,5.17,1.0,,light,
2015-04-05 06:54:00,92.5,88.7,56,0,5.15,1.0,,light,
2015-04-05 06:55:00,92.3,88.7,55,0,5.16,1.0,,light,
2015-04-05 06:56:00,92.3,88.3,59,0,5.2,1.0,,light,
2015-04-05 06:57:00,92.2,88.2,58,0,5.16,1.0,,rem,
2015-04-05 06:58:00,92.1,88.2,57,0,5.19,1.1,,rem,
2015-04-05 06:59:00,92.0,88.2,57,0,5.23,1.0,,rem,
2015-04-05 07:00:00,91.8,87.8,57,0,5.27,1.0,,rem,
2015-04-05 07:01:00,91.8,87.8,57,0,5.25,1.0,,rem,
2015-04-05 07:02:00,91.8,87.8,57,0,5.19,1.0,,rem,
2015-04-05 07:03:00,91.6,87.8,59,0,5.14,1.0,,rem,
2015-04-05 07:04:00,91.6,87.8,57,0,5.17,1.0,,rem,
2015-04-05 07:05:00,91.6,87.8,57,0,5.26,1.0,,rem,
2015-04-05 07:06:00,91.6,87.4,56,0,5.21,1.0,,rem,
2015-04-05 07:07:00,91.6,87.3,57,0,5.16,1.1,,rem,
2015-04-05 07:08:00,91.4,87.3,58,0,5.17,1.0,,rem,
2015-04-05 07:09:00,91.4,87.3,59,0,5.16,1.0,,rem,
2015-04-05 07:10:00,91.4,87.3,62,0,5.19,1.0,,rem,
2015-04-05 07:11:00,91.4,87.3,58,0,5.25,1.0,,rem,
2015-04-05 07:12:00,91.4,87.3,56,0,5.23,1.0,,rem,
2015-04-05 07:13:00,91.6,87.3,64,0,5.34,1.1,,rem,toss_and_turn
2015-04-05 07:14:00,91.5,86.5,55,0,5.35,1.1,,rem,
2015-04-05 07:15:00,91.4,85.6,62,0,5.29,1.0,,rem,
2015-04-05 07:16:00,91.1,84.7,58,0,5.26,1.0,,rem,
2015-04-05 07:17:00,90.7,84.2,58,0,5.31,1.0,,rem,
2015-04-05 07:18:00,90.4,83.3,57,0,5.34,1.0,,rem,
2015-04-05 07:19:00,90.1,82.9,56,0,5.22,1.0,,rem,
2015-04-05 07:20:00,89.8,82.4,62,0,5.22,1.1,,rem,toss_and_turn
2015-04-05 07:21:00,89.6,82.0,55,0,5.21,1.0,,rem,toss_and_turn
2015-04-05 07:22:00,89.5,82.4,60,0,5.13,1.0,,rem,
2015-04-05 07:23:00,89.3,82.8,63,0,5.31,1.3,,rem,toss_and_turn
2015-04-05 07:24:00,89.4,83.3,72,0,5.69,1.7,,rem,toss_and_turn
2015-04-05 07:25:00,89.6,83.7,80,0,5.6,1.7,,light,toss_and_turn
2015-04-05 07:26:00,89.6,83.8,66,0,5.63,0.9,,light,
2015-04-05 07:27:00,89.8,84.2,63,0,5.59,1.1,,light,
2015-04-05 07:28:00,89.8,84.2,60,0,5.6,1.0,,light,
2015-04-05 07:29:00,89.9,84.6,61,0,5.57,0.9,,light,
2015-04-05 07:30:00,90.1,85.1,62,0,5.61,1.1,,light,
2015-04-05 07:31:00,90.1,85.5,61,0,5.51,0.9,,light,
2015-04-05 07:32:00,90.3,85.6,63,0,5.54,1.0,,deep,
2015-04-05 07:33:00,90.4,86.0,62,0,5.54,1.0,,deep,
2015-04-05 07:34:00,90.5,86.4,60,0,5.55,1.1,,deep,
2015-04-05 07:35:00,90.7,86.4,62,0,5.59,1.0,,deep,
2015-04-05 07:36:00,90.8,86.9,60,0,5.52,1.0,,deep,
2015-04-05 07:37:00,90.9,87.3,61,0,5.53,1.0,,deep,
2015-04-05 07:38:00,91.1,87.3,62,0,5.61,1.0,,deep,
2015-04-05 07:39:00,91.2,87.8,63,0,5.58,1.0,,light,
2015-04-05 07:40:00,91.4,87.8,60,0,5.57,1.0,,light,
2015-04-05 07:41:00,91.5,88.2,63,0,5.54,1.0,,light,
2015-04-05 07:42:00,91.6,88.2,61,0,5.64,1.0,,light,
2015-04-05 07:43:00,91.7,88.7,62,0,5.68,1.0,,light,
2015-04-05 07:44:00,91.8,88.7,60,0,5.71,1.0,,light,
2015-04-05 07:45:00,91.8,88.3,59,0,6.0,1.3,,rem,toss_and_turn
2015-04-05 07:46:00,91.8,87.8,57,0,6.0,1.0,,rem,
2015-04-05 07:47:00,91.7,87.4,54,0,5.92,1.1,,rem,
2015-04-05 07:48:00,91.6,86.5,57,0,5.92,1.0,,rem,
2015-04-05 07:49:00,91.4,86.0,53,0,5.94,1.0,,rem,
2015-04-05 07:50:00,91.2,85.6,53,0,5.94,1.0,,rem,
2015-04-05 07:51:00,91.0,85.1,54,0,5.84,1.1,,rem,
2015-04-05 07:52:00,90.7,84.7,54,0,5.99,1.0,,rem,
2015-04-05 07:53:00,90.5,84.2,54,0,6.03,1.0,,rem,
2015-04-05 07:54:00,90.3,84.2,55,0,5.92,1.1,,rem,
2015-04-05 07:55:00,90.4,84.2,55,0,5.73,1.1,,rem,
2015-04-05 07:56:00,90.3,84.2,55,0,5.83,1.1,,rem,
2015-04-05 07:57:00,90.2,84.2,54,0,5.78,1.0,,rem,
2015-04-05 07:58:00,90.1,83.8,56,0,5.81,1.0,,rem,toss_and_turn
2015-04-05 07:59:00,90.3,84.2,56,0,5.98,1.2,,rem,toss_and_turn
2015-04-05 08:00:00,90.3,85.1,57,0,5.88,1.0,,rem,
2015-04-05 08:01:00,90.5,86.0,58,0,5.94,1.0,,light,
2015-04-05 08:02:00,90.7,86.9,56,0,5.9,1.0,,light,
2015-04-05 08:03:00,90.9,87.3,55,0,5.96,1.0,,light,
2015-04-05 08:04:00,91.2,88.2,56,0,5.94,1.0,,light,
2015-04-05 08:05:00,91.5,88.7,55,0,5.95,1.0,,light,
2015-04-05 08:06:00,91.7,89.1,56,0,5.94,1.0,,light,
2015-04-05 08:07:00,91.9,89.6,56,0,5.91,1.0,,light,
2015-04-05 08:08:00,92.1,90.0,56,0,5.94,1.0,,light,
2015-04-05 08:09:00,92.4,90.5,56,0,5.89,1.0,,light,
2015-04-05 08:10:00,92.6,90.9,57,0,6.03,1.0,,light,
2015-04-05 08:11:00,92.8,90.9,57,0,6.03,1.0,,light,
2015-04-05 08:12:00,93.0,91.4,58,0,5.85,1.0,,light,
2015-04-05 08:13:00,93.2,91.4,56,0,6.01,1.0,,light,
2015-04-05 08:14:00,93.4,91.8,56,0,6.05,1.1,,light,
2015-04-05 08:15:00,93.5,92.3,58,0,6.11,1.0,,light,
2015-04-05 08:16:00,93.7,92.3,58,0,6.03,0.9,,light,
2015-04-05 08:17:00,93.9,92.3,57,0,6.08,1.0,,light,
2015-04-05 08:18:00,94.0,92.7,57,0,6.13,1.0,,light,
2015-04-05 08:19:00,94.1,93.2,59,0,6.11,1.2,,light,
2015-04-05 08:20:00,94.2,93.2,55,0,6.17,1.1,,light,
2015-04-05 08:21:00,94.4,93.2,66,0,6.61,1.5,,light,toss_and_turn
2015-04-05 08:22:00,94.6,92.3,58,0,6.94,1.2,,light,toss_and_turn
2015-04-05 08:23:00,94.6,91.0,70,0,6.87,1.3,,light,toss_and_turn
2015-04-05 08:24:00,94.4,90.1,59,0,6.93,1.0,,light,
2015-04-05 08:25:00,94.2,90.1,59,0,6.85,1.0,,light,
2015-04-05 08:26:00,94.0,90.1,57,0,6.9,1.0,,light,
2015-04-05 08:27:00,93.9,90.1,60,0,6.95,0.9,,light,
2015-04-05 08:28:00,93.7,90.1,60,0,6.9,1.1,,light,
2015-04-05 08:29:00,93.7,90.1,64,0,6.84,1.0,,light,
2015-04-05 08:30:00,93.7,90.1,61,0,6.87,1.0,,light,
2015-04-05 08:31:00,93.6,90.1,61,0,7.0,1.0,,light,
2015-04-05 08:32:00,93.4,90.1,58,0,6.88,1.0,,light,
2015-04-05 08:33:00,93.4,90.1,60,0,6.92,1.0,,light,
2015-04-05 08:34:00,93.4,90.1,64,0,6.88,1.0,,light,
2015-04-05 08:35:00,93.3,90.1,63,0,6.82,1.1,,light,
2015-04-05 08:36:00,93.2,90.1,63,0,6.86,1.0,,light,
2015-04-05 08:37:00,93.2,90.1,61,0,6.78,1.0,,light,
2015-04-05 08:38:00,93.2,90.1,61,0,6.74,1.0,,light,
2015-04-05 08:39:00,93.2,90.1,67,0,6.86,1.0,,light,
2015-04-05 08:40:00,93.2,90.1,70,0,6.92,1.1,,,
2015-04-05 08:41:00,93.2,89.6,76,0,7.04,1.6,,,
2015-04-05 08:42:00,93.1,89.2,71,0,7.04,1.5,,,
2015-04-05 08:43:00,92.9,88.7,62,0,7.11,1.6,,,
2015-04-05 08:44:00,92.7,88.3,63,0,7.04,1.6,,,
2015-04-05 08:45:00,92.5,88.2,61,0,7.01,1.7,,,
2015-04-05 08:46:00,92.3,87.8,59,0,6.95,1.5,,,
2015-04-05 08:47:00,92.2,87.4,67,0,6.94,1.5,,,
2015-04-05 08:48:00,91.9,87.3,59,0,6.88,1.5,,,
2015-04-05 08:49:00,91.8,87.3,61,0,6.97,1.7,,,
2015-04-05 08:50:00,91.6,87.3,56,0,6.92,1.5,,,
2015-04-05 08:51:00,91.6,87.3,58,0,6.92,1.5,,,
2015-04-05 08:52:00,91.6,87.3,60,0,6.95,1.7,,,
2015-04-05 08:53:00,91.4,86.9,58,0,6.93,1.4,,,
2015-04-05 08:54:00,91.4,86.9,57,0,6.94,1.4,,,
2015-04-05 08:55:00,91.4,86.9,62,0,6.96,1.7,,,
2015-04-05 08:56:00,91.4,86.5,60,0,6.99,1.7,,,
2015-04-05 08:57:00,91.2,86.4,58,0,6.99,1.3,,,
2015-04-05 08:58:00,91.2,86.0,62,0,6.94,1.3,,,
2015-04-05 08:59:00,91.0,86.0,67,0,6.88,1.8,,,
2015-04-05 09:00:00,90.9,86.0,59,0,6.83,1.6,,,
2015-04-05 09:01:00,90.9,86.4,69,0,6.88,1.7,,,
2015-04-05 09:02:00,90.9,86.9,62,0,6.88,1.8,,,
2015-04-05 09:03:00,90.9,86.5,,0,7.0,2.0,,,
2015-04-05 09:04:00,90.8,86.0,68,0,7.0,1.7,,,
2015-04-05 09:05:00,90.7,86.0,,0,6.96,1.7,,,
2015-04-05 09:06:00,90.5,85.6,,0,7.01,1.8,,,
2015-04-05 09:07:00,90.3,85.1,72,0,6.99,1.8,,,
2015-04-05 09:08:00,90.1,85.1,,0,7.14,1.8,,,
2015-04-05 09:09:00,90.1,85.5,64,0,7.08,1.4,,,
2015-04-05 09:10:00,90.1,85.1,63,0,7.0,1.1,,,
2015-04-05 09:11:00,89.8,85.1,71,0,6.96,1.5,,,
2015-04-05 09:12:00,89.8,85.1,61,0,6.95,1.2,,,
2015-04-05 09:13:00,89.6,85.1,62,0,6.92,1.1,,,
2015-04-05 09:14:00,89.6,85.5,64,0,6.78,1.1,,,
2015-04-05 09:15:00,89.8,85.6,63,0,6.94,1.6,,,
2015-04-05 09:16:00,89.8,85.6,69,0,6.86,1.8,,,
2015-04-05 09:17:00,89.8,85.6,72,0,6.81,1.9,,,
2015-04-05 09:18:00,89.8,85.1,62,0,6.86,1.5,,,
2015-04-05 09:19:00,89.6,85.1,61,0,6.83,1.1,,,
2015-04-05 09:20:00,89.6,85.1,63,0,6.8,1.7,,,
2015-04-05 09:21:00,89.6,85.1,56,0,6.79,1.4,,,
2015-04-05 09:22:00,89.6,85.1,58,0,6.77,1.8,,,
2015-04-05 09:23:00,89.5,84.7,60,0,6.71,1.8,,,
2015-04-05 09:24:00,89.4,84.7,59,0,6.58,1.2,,,
2015-04-05 09:25:00,89.4,84.7,69,0,6.78,1.5,,,
2015-04-05 09:26:00,89.4,84.7,61,0,6.71,1.7,,,
2015-04-05 09:27:00,89.4,84.7,62,0,6.7,1.7,,,
2015-04-05 09:28:00,89.4,84.7,59,0,6.77,1.4,,,
2015-04-05 09:29:00,89.4,84.7,65,0,6.81,1.6,,,
2015-04-05 09:30:00,89.4,85.1,61,0,6.74,1.4,,,
2015-04-05 09:31:00,89.4,85.1,59,0,6.68,1.5,,,
2015-04-05 09:32:00,89.4,85.1,61,0,6.82,1.8,,,
2015-04-05 09:33:00,89.5,85.5,61,0,6.84,1.7,,,
2015-04-05 09:34:00,89.6,86.0,59,0,6.89,1.5,,,
2015-04-05 09:35:00,89.7,86.0,65,0,6.86,1.7,,,
2015-04-05 09:36:00,89.8,86.4,57,0,6.89,1.4,,,
2015-04-05 09:37:00,90.0,86.9,59,0,6.86,1.5,,,
2015-04-05 09:38:00,90.2,86.9,60,0,6.84,1.4,,,
2015-04-05 09:39:00,90.3,86.9,62,0,6.81,1.3,,,
2015-04-05 09:40:00,90.4,87.3,57,0,6.81,1.3,,,
2015-04-05 09:41:00,90.5,87.3,63,0,6.91,1.6,,,
2015-04-05 09:42:00,90.5,86.9,63,0,6.95,1.7,,,
2015-04-05 09:43:00,90.5,86.9,59,0,7.02,1.6,,,
2015-04-05 09:44:00,90.4,86.5,59,0,6.98,1.0,,,
2015-04-05 09:45:00,90.3,86.4,59,0,6.97,1.2,,,
2015-04-05 09:46:00,90.3,86.4,61,0,6.93,1.0,,,
2015-04-05 09:47:00,90.3,86.9,59,0,6.91,1.2,,,
2015-04-05 09:48:00,90.3,86.9,63,0,6.87,1.0,,,
2015-04-05 09:49:00,90.3,86.9,61,0,6.95,1.1,,,
2015-04-05 09:50:00,90.3,87.3,60,0,6.95,1.3,,,
2015-04-05 09:51:00,90.3,86.9,64,0,7.09,1.7,,,
2015-04-05 09:52:00,90.3,86.0,61,10,7.07,1.9,,,
2015-04-05 09:53:00,90.3,86.4,71,29,7.03,2.7,,,
2015-04-05 09:54:00,90.1,86.4,,16,6.97,2.6,,,
2015-04-05 09:55:00,90.1,86.0,76,0,6.98,1.9,,,
2015-04-05 09:56:00,89.9,86.0,,0,7.01,2.0,,,
2015-04-05 09:57:00,89.8,85.6,,0,7.02,2.0,,,
2015-04-05 09:58:00,89.7,85.6,,0,6.93,1.9,,,
2015-04-05 09:59:00,89.6,85.6,,0,6.8,2.1,,,
2015-04-05 10:00:00,89.6,85.1,,0,6.82,1.9,,,
2015-04-05 10:01:00,89.4,85.1,,0,6.75,1.9,,,
2015-04-05 10:02:00,89.4,85.1,,0,6.73,1.9,,,
2015-04-05 10:03:00,89.4,85.1,,0,6.82,2.1,,,
2015-04-05 10:04:00,89.4,85.1,,0,6.74,2.1,,,
2015-04-05 10:05:00,89.4,85.5,,0,6.77,1.9,,,
2015-04-05 10:06:00,89.6,85.6,,0,6.73,2.1,,,
2015-04-05 10:07:00,89.6,85.6,74,0,6.81,1.9,,,
2015-04-05 10:08:00,89.8,86.0,87,0,6.84,1.8,,,
2015-04-05 10:09:00,89.8,86.0,,0,6.76,2.0,,,
2015-04-05 10:10:00,89.8,86.0,81,0,6.62,2.0,,,
2015-04-05 10:11:00,89.8,86.0,84,0,6.65,1.8,,,
2015-04-05 10:12:00,89.8,86.0,74,0,6.62,1.8,,,
2015-04-05 10:13:00,89.8,86.0,73,0,6.59,1.7,,,
2015-04-05 10:14:00,89.8,86.0,68,0,6.64,1.6,,,
2015-04-05 10:15:00,89.9,86.0,68,0,6.57,1.6,,,
2015-04-05 10:16:00,90.1,86.0,68,0,6.67,1.4,,,
2015-04-05 10:17:00,90.2,86.4,78,24,6.62,2.3,,,
2015-04-05 10:18:00,90.3,86.4,72,0,6.73,1.6,,,
2015-04-05 10:19:00,90.3,86.9,67,0,6.73,1.2,,,
2015-04-05 10:20:00,90.5,86.9,64,0,6.71,1.9,,,
2015-04-05 10:21:00,90.5,86.9,72,0,7.03,1.8,,,
2015-04-05 10:22:00,90.5,86.5,65,0,6.91,1.3,,,
2015-04-05 10:23:00,90.4,86.4,79,35,5.65,2.6,,,
2015-04-05 10:24:00,,86.4,82,19,0.000606,1.8,,,
2015-04-05 10:25:00,,,,0,,1.1,,,
2015-04-05 10:26:00,,,,0,,1.2,,,
2015-04-05 10:27:00,,,,0,,1.1,,,
2015-04-05 10:28:00,,,,0,,1.1,,,
2015-04-05 10:29:00,,,,0,,1.2,,,
2015-04-05 10:30:00,,,,0,,1.1,,,
2015-04-05 10:31:00,,,,0,,1.1,,,
2015-04-05 10:32:00,,,,0,,1.2,,,
2015-04-05 10:33:00,,,,0,,1.1,,,
2015-04-05 10:34:00,,,,0,,1.2,,,
2015-04-05 10:35:00,,,,0,,1.1,,,
2015-04-05 10:36:00,,,,0,,1.1,,,
2015-04-05 10:37:00,,,,0,,1.2,,,
2015-04-05 10:38:00,,,,0,,1.1,,,
2015-04-05 10:39:00,,,,0,,1.1,,,
2015-04-05 10:40:00,,,,0,,1.2,,,
2015-04-05 10:41:00,,,,0,,1.1,,,
2015-04-05 10:42:00,,,,0,,1.1,,,
2015-04-05 10:43:00,80.2,73.4,,0,0.267,1.2,,,
2015-04-05 10:44:00,84.4,73.9,90,18,0.617,1.9,,,
2015-04-05 10:45:00,86.5,75.6,88,53,0.803,3.1,,,
2015-04-05 10:46:00,87.8,76.9,,102,0.995,4.5,,,
2015-04-05 10:47:00,88.5,78.2,,19,0.593,2.6,,,
2015-04-05 10:48:00,88.9,79.1,,0,0.385,2.1,,,
2015-04-05 10:49:00,89.1,79.7,,102,0.317,4.5,,,
2015-04-05 10:50:00,89.1,79.8,,31,0.144,2.8,,,
2015-04-05 10:51:00,89.2,80.2,,94,0.181,4.2,,,
2015-04-05 10:52:00,89.2,80.2,,63,0.207,4.1,walk,,
2015-04-05 10:53:00,89.0,80.5,,110,0.501,5.9,walk,,
2015-04-05 10:54:00,88.7,81.6,,113,2.18,5.2,walk,,
2015-04-05 10:55:00,88.6,82.1,,96,3.48,4.7,walk,,
2015-04-05 10:56:00,88.5,82.3,,100,3.69,4.8,walk,,
2015-04-05 10:57:00,88.5,81.9,,104,4.55,5.0,walk,,
2015-04-05 10:58:00,88.4,81.8,,112,4.69,5.1,walk,,
2015-04-05 10:59:00,88.3,81.4,,103,4.0,4.9,walk,,
2015-04-05 11:00:00,88.2,80.9,,93,3.57,3.8,walk,,
2015-04-05 11:01:00,88.2,80.6,,100,3.45,4.7,walk,,
2015-04-05 11:02:00,88.2,80.6,,141,3.0,4.6,walk,,
2015-04-05 11:03:00,88.0,80.5,,116,2.61,4.4,walk,,
2015-04-05 11:04:00,88.0,80.2,,124,2.38,4.8,walk,,
2015-04-05 11:05:00,87.9,80.0,,126,2.24,4.8,walk,,
2015-04-05 11:06:00,87.8,79.6,,134,1.87,4.8,walk,,
2015-04-05 11:07:00,87.8,79.6,,67,2.0,3.6,walk,,
2015-04-05 11:08:00,87.9,81.1,,22,1.81,2.2,walk,,
2015-04-05 11:09:00,88.0,82.1,,130,1.47,4.8,walk,,
2015-04-05 11:10:00,88.0,81.5,,107,1.35,4.8,walk,,
2015-04-05 11:11:00,88.2,81.5,,82,1.32,3.4,walk,,
2015-04-05 11:12:00,88.2,81.4,,128,1.24,4.6,walk,,
2015-04-05 11:13:00,88.4,81.2,,96,1.42,4.2,walk,,
2015-04-05 11:14:00,88.5,81.5,,101,1.36,4.0,walk,,
2015-04-05 11:15:00,88.5,81.5,,42,1.56,2.7,walk,,
2015-04-05 11:16:00,88.5,81.6,,110,2.05,4.7,walk,,
2015-04-05 11:17:00,88.6,81.8,,72,3.45,3.8,walk,,
2015-04-05 11:18:00,88.6,81.6,,64,4.53,3.6,walk,,
2015-04-05 11:19:00,88.8,82.1,,0,5.47,2.1,,,
2015-04-05 11:20:00,89.1,82.4,,0,5.0,1.3,,,
2015-04-05 11:21:00,89.3,82.5,,41,4.07,2.4,,,
2015-04-05 11:22:00,89.4,83.0,,52,2.68,3.3,,,
2015-04-05 11:23:00,89.5,83.6,68,0,2.94,1.7,,,
2015-04-05 11:24:00,89.9,84.6,78,0,4.63,1.7,,,
2015-04-05 11:25:00,90.4,85.7,88,29,3.69,2.6,,,
2015-04-05 11:26:00,90.7,86.0,81,64,3.21,3.4,,,
2015-04-05 11:27:00,90.8,86.0,77,0,3.16,1.3,,,
2015-04-05 11:28:00,91.0,86.3,,0,3.34,1.8,,,
2015-04-05 11:29:00,91.3,87.0,73,0,3.19,1.9,,,
2015-04-05 11:30:00,91.6,87.5,56,0,3.09,1.8,,,
2015-04-05 11:31:00,91.9,88.1,83,0,2.76,1.6,,,
2015-04-05 11:32:00,92.2,88.7,78,0,2.63,1.8,,,
2015-04-05 11:33:00,92.3,88.6,95,0,2.73,1.4,,,
2015-04-05 11:34:00,92.3,88.1,81,0,2.07,1.6,,,
2015-04-05 11:35:00,92.3,87.8,78,0,2.41,1.4,,,
2015-04-05 11:36:00,92.3,87.7,,0,2.53,1.5,,,
2015-04-05 11:37:00,92.3,87.3,,0,2.6,1.6,,,
2015-04-05 11:38:00,92.2,87.2,93,0,2.74,1.5,,,
2015-04-05 11:39:00,92.1,86.9,53,0,2.81,1.6,,,
2015-04-05 11:40:00,92.1,86.8,,0,2.69,1.6,,,
2015-04-05 11:41:00,92.1,86.6,84,0,2.73,1.8,,,
2015-04-05 11:42:00,92.1,86.9,82,0,1.97,1.4,,,
2015-04-05 11:43:00,92.1,86.8,,0,1.79,2.2,,,
2015-04-05 11:44:00,92.1,86.3,,0,1.91,2.1,,,
2015-04-05 11:45:00,92.1,86.4,94,28,2.32,2.5,,,
2015-04-05 11:46:00,92.1,87.9,90,0,3.18,1.8,,,
2015-04-05 11:47:00,92.2,89.5,82,0,3.16,1.8,,,
2015-04-05 11:48:00,92.7,90.8,70,0,2.81,1.8,,,
2015-04-05 11:49:00,93.2,91.5,,0,3.22,1.7,,,
2015-04-05 11:50:00,93.5,92.1,,0,3.08,1.8,,,
2015-04-05 11:51:00,93.8,92.9,,0,3.01,1.7,,,
2015-04-05 11:52:00,94.2,93.2,,0,3.02,1.8,,,
2015-04-05 11:53:00,94.3,92.8,,117,2.89,5.4,walk,,
2015-04-05 11:54:00,94.1,91.5,,114,2.82,5.5,walk,,
2015-04-05 11:55:00,93.7,90.1,,118,2.66,5.6,walk,,
2015-04-05 11:56:00,93.3,88.9,,117,3.3,5.5,walk,,
2015-04-05 11:57:00,92.9,88.2,,115,4.01,5.5,walk,,
2015-04-05 11:58:00,92.4,87.9,,107,3.63,5.4,walk,,
2015-04-05 11:59:00,92.2,86.8,,79,3.9,4.2,walk,,
2015-04-05 12:00:00,91.9,86.3,98,0,4.4,1.9,walk,,
2015-04-05 12:01:00,91.8,85.9,99,14,5.44,2.1,walk,,
2015-04-05 12:02:00,91.6,85.6,,10,4.84,2.2,walk,,
2015-04-05 12:03:00,91.5,85.4,,34,4.16,2.8,walk,,
2015-04-05 12:04:00,91.4,85.1,85,0,4.19,1.8,,,
2015-04-05 12:05:00,91.5,85.1,91,0,4.66,1.7,,,
2015-04-05 12:06:00,91.6,85.2,92,0,4.7,1.7,,,
2015-04-05 12:07:00,91.7,85.7,90,0,4.77,1.8,,,
2015-04-05 12:08:00,91.8,86.1,81,0,4.58,1.7,,,
2015-04-05 12:09:00,91.8,86.6,84,0,3.11,1.9,,,
2015-04-05 12:10:00,91.6,86.9,87,0,2.57,1.5,,,
2015-04-05 12:11:00,91.8,86.8,83,0,2.77,1.5,,,
2015-04-05 12:12:00,92.1,86.6,85,0,3.19,1.8,,,
2015-04-05 12:13:00,92.1,86.9,88,0,3.15,1.7,,,
2015-04-05 12:14:00,92.1,86.9,84,0,2.89,1.5,,,
2015-04-05 12:15:00,92.1,86.9,85,0,2.51,1.6,,,
2015-04-05 12:16:00,92.3,86.9,90,0,2.66,1.6,,,
2015-04-05 12:17:00,92.6,87.0,86,0,2.58,1.4,,,
2015-04-05 12:18:00,92.8,87.3,85,0,2.47,1.6,,,
2015-04-05 12:19:00,93.0,87.5,83,0,2.17,1.7,,,
2015-04-05 12:20:00,93.0,88.1,99,0,2.33,1.8,,,
2015-04-05 12:21:00,93.0,88.7,88,0,2.25,1.9,,,
2015-04-05 12:22:00,93.2,88.8,93,42,2.08,2.5,walk,,
2015-04-05 12:23:00,93.2,89.0,,110,2.09,4.9,walk,,
2015-04-05 12:24:00,93.0,88.6,,148,2.08,4.7,walk,,
2015-04-05 12:25:00,93.0,88.1,,121,2.1,4.3,walk,,
2015-04-05 12:26:00,92.8,87.7,,118,2.0,5.0,walk,,
2015-04-05 12:27:00,92.6,87.3,,92,2.09,3.5,walk,,
2015-04-05 12:28:00,92.5,87.3,,118,2.03,4.3,walk,,
2015-04-05 12:29:00,92.3,87.3,,110,2.38,5.1,walk,,
2015-04-05 12:30:00,92.3,87.5,,113,3.88,4.6,walk,,
2015-04-05 12:31:00,92.5,87.8,,30,4.33,2.6,walk,,
2015-04-05 12:32:00,92.5,87.9,,95,5.08,4.3,walk,,
2015-04-05 12:33:00,92.5,88.4,,112,5.97,4.8,walk,,
2015-04-05 12:34:00,92.7,88.8,,123,6.9,4.8,walk,,
2015-04-05 12:35:00,92.8,88.6,142,105,7.36,4.8,walk,,
2015-04-05 12:36:00,92.4,87.1,,114,6.73,5.1,walk,,
2015-04-05 12:37:00,92.2,86.3,,27,7.68,2.7,walk,,
2015-04-05 12:38:00,92.1,86.0,,81,7.47,4.1,walk,,
2015-04-05 12:39:00,92.0,86.0,,25,6.25,2.6,walk,,
2015-04-05 12:40:00,91.8,85.9,,37,7.27,2.8,walk,,
2015-04-05 12:41:00,91.8,85.6,95,0,7.69,1.9,,,
2015-04-05 12:42:00,91.8,85.6,98,0,7.47,1.5,,,
2015-04-05 12:43:00,91.8,85.7,93,0,6.95,1.4,,,
2015-04-05 12:44:00,91.7,86.0,90,0,4.05,1.8,,,
2015-04-05 12:45:00,91.8,85.9,77,0,4.41,2.1,,,
2015-04-05 12:46:00,91.6,85.6,75,0,3.83,1.4,,,
2015-04-05 12:47:00,91.6,85.6,71,0,4.08,1.7,,,
2015-04-05 12:48:00,91.7,85.6,71,0,4.2,1.7,,,
2015-04-05 12:49:00,91.6,85.7,69,0,4.08,1.3,,,
2015-04-05 12:50:00,91.6,86.0,71,0,3.73,1.8,,,
2015-04-05 12:51:00,91.6,86.0,73,0,3.56,1.7,,,
2015-04-05 12:52:00,91.8,86.0,71,0,3.6,1.7,,,
2015-04-05 12:53:00,91.6,86.0,68,0,3.24,1.5,,,
2015-04-05 12:54:00,91.6,86.0,65,0,3.11,1.2,,,
2015-04-05 12:55:00,91.6,86.0,69,0,3.06,1.3,,,
2015-04-05 12:56:00,91.6,86.0,67,0,3.11,1.3,,,
2015-04-05 12:57:00,91.6,86.0,72,0,2.54,1.7,,,
2015-04-05 12:58:00,91.6,86.0,70,0,2.31,1.6,,,
2015-04-05 12:59:00,91.4,86.0,70,0,2.35,1.4,,,
2015-04-05 13:00:00,91.4,86.0,71,0,2.17,1.5,,,
2015-04-05 13:01:00,91.3,86.0,67,0,2.06,1.4,,,
2015-04-05 13:02:00,91.2,86.0,69,0,2.01,1.2,,,
2015-04-05 13:03:00,91.2,86.0,69,0,2.05,1.3,,,
2015-04-05 13:04:00,91.2,86.1,69,0,2.02,1.2,,,
2015-04-05 13:05:00,91.2,86.4,66,0,1.98,1.0,,,
2015-04-05 13:06:00,91.2,86.6,68,0,2.03,1.1,,,
2015-04-05 13:07:00,91.2,86.9,67,0,1.99,1.1,,,
2015-04-05 13:08:00,91.4,86.9,68,0,1.99,1.1,,,
2015-04-05 13:09:00,91.4,86.9,74,0,1.99,1.1,,,
2015-04-05 13:10:00,91.4,87.0,71,0,1.95,1.1,,,
2015-04-05 13:11:00,91.5,87.3,61,0,2.07,1.4,,,
2015-04-05 13:12:00,91.6,87.3,76,0,2.08,1.7,,,
2015-04-05 13:13:00,91.6,87.3,74,0,1.99,1.4,,,
2015-04-05 13:14:00,91.6,87.3,72,0,2.01,1.5,,,
2015-04-05 13:15:00,91.6,87.5,76,0,1.96,1.7,,,
2015-04-05 13:16:00,91.6,87.7,76,0,2.03,1.9,,,
2015-04-05 13:17:00,91.6,87.5,76,0,2.15,1.7,,,
2015-04-05 13:18:00,91.8,87.8,,0,2.25,1.8,,,
2015-04-05 13:19:00,91.8,87.8,,0,2.21,1.7,,,
2015-04-05 13:20:00,91.9,87.8,87,0,2.2,1.8,,,
2015-04-05 13:21:00,92.1,87.9,70,0,2.21,1.7,,,
2015-04-05 13:22:00,92.1,88.2,72,0,2.28,1.8,,,
2015-04-05 13:23:00,92.2,88.4,74,0,2.27,1.5,,,
2015-04-05 13:24:00,92.3,88.7,75,0,2.24,1.8,,,
2015-04-05 13:25:00,92.3,88.6,72,0,2.14,1.7,,,
2015-04-05 13:26:00,92.3,88.2,73,0,2.31,1.6,,,
2015-04-05 13:27:00,92.3,88.2,76,0,2.17,1.6,,,
2015-04-05 13:28:00,92.3,88.2,81,0,2.17,1.8,,,
2015-04-05 13:29:00,92.3,88.1,68,0,2.04,1.6,,,
2015-04-05 13:30:00,92.2,87.8,73,0,2.12,1.6,,,
2015-04-05 13:31:00,92.1,87.8,71,0,1.99,1.6,,,
2015-04-05 13:32:00,92.1,87.8,72,0,2.07,1.8,,,
2015-04-05 13:33:00,92.0,87.9,71,0,2.06,1.6,,,
2015-04-05 13:34:00,91.8,88.4,74,0,2.02,1.6,,,
2015-04-05 13:35:00,91.9,88.8,72,0,2.03,1.6,,,
2015-04-05 13:36:00,92.1,89.2,72,0,1.99,1.6,,,
2015-04-05 13:37:00,92.1,89.2,73,0,1.77,1.9,,,
2015-04-05 13:38:00,92.2,89.0,68,0,1.91,1.7,,,
2015-04-05 13:39:00,92.3,88.7,65,0,1.93,1.6,,,
2015-04-05 13:40:00,92.3,88.7,69,0,1.92,1.4,,,
2015-04-05 13:41:00,92.3,88.8,74,0,1.91,1.7,,,
2015-04-05 13:42:00,92.3,89.0,73,0,1.75,1.7,,,
2015-04-05 13:43:00,92.3,88.7,77,0,1.73,1.5,,,
2015-04-05 13:44:00,92.3,88.7,70,0,1.6,1.8,,,
2015-04-05 13:45:00,92.3,88.6,69,0,1.64,1.8,,,
2015-04-05 13:46:00,92.2,88.1,81,0,1.67,1.8,,,
2015-04-05 13:47:00,92.1,88.1,72,0,1.64,1.8,,,
2015-04-05 13:48:00,92.1,89.0,70,0,1.45,1.9,,,
2015-04-05 13:49:00,92.1,89.6,84,0,1.65,1.6,,,
2015-04-05 13:50:00,92.3,89.6,81,0,1.73,1.5,,,
2015-04-05 13:51:00,92.3,89.3,,0,1.73,1.9,,,
2015-04-05 13:52:00,92.5,88.6,81,0,1.67,1.8,,,
2015-04-05 13:53:00,92.3,88.2,77,0,1.72,1.5,,,
2015-04-05 13:54:00,92.3,88.1,77,0,1.72,1.3,,,
2015-04-05 13:55:00,92.2,87.8,75,0,1.65,1.4,,,
2015-04-05 13:56:00,92.1,87.7,69,0,1.5,1.6,,,
2015-04-05 13:57:00,92.0,87.3,77,0,1.61,1.8,,,
2015-04-05 13:58:00,91.9,87.3,73,0,1.8,1.8,,,
2015-04-05 13:59:00,91.8,87.3,74,0,1.79,1.6,,,
2015-04-05 14:00:00,91.8,87.5,73,0,1.74,1.4,,,
2015-04-05 14:01:00,91.8,87.8,76,0,1.78,1.7,,,
2015-04-05 14:02:00,91.8,87.8,86,0,1.67,1.9,,,
2015-04-05 14:03:00,91.7,87.5,83,0,1.8,2.2,,,
2015-04-05 14:04:00,91.4,86.9,,0,1.67,2.0,,,
2015-04-05 14:05:00,91.3,86.9,,42,1.48,2.9,,,
2015-04-05 14:06:00,91.2,86.9,,11,1.63,2.3,,,
2015-04-05 14:07:00,90.9,86.6,,24,1.61,2.8,,,
2015-04-05 14:08:00,90.7,85.9,,0,1.79,1.7,,,
2015-04-05 14:09:00,90.6,85.6,,0,1.86,1.7,,,
2015-04-05 14:10:00,90.4,85.6,,0,1.69,1.8,,,
2015-04-05 14:11:00,90.3,85.4,,0,1.68,1.7,,,
2015-04-05 14:12:00,90.2,85.1,,0,1.6,1.6,,,
2015-04-05 14:13:00,90.1,85.1,,0,1.54,1.8,,,
2015-04-05 14:14:00,90.0,85.1,,0,1.47,1.8,,,
2015-04-05 14:15:00,89.9,85.1,61,0,1.43,1.9,,,
2015-04-05 14:16:00,89.9,85.1,69,0,1.42,1.4,,light,
2015-04-05 14:17:00,89.8,85.2,71,0,1.42,1.1,,light,
2015-04-05 14:18:00,90.0,85.7,70,0,1.34,1.1,,light,
2015-04-05 14:19:00,90.1,86.0,69,0,1.33,1.0,,light,
2015-04-05 14:20:00,90.2,86.1,67,0,1.29,1.1,,light,
2015-04-05 14:21:00,90.4,86.6,66,0,1.25,1.0,,light,
2015-04-05 14:22:00,90.7,87.0,65,0,1.26,1.1,,light,
2015-04-05 14:23:00,90.8,87.5,67,0,1.2,0.9,,light,
2015-04-05 14:24:00,90.9,87.8,65,0,1.18,1.1,,light,
2015-04-05 14:25:00,91.2,87.9,65,0,1.25,1.0,,light,
2015-04-05 14:26:00,91.2,88.4,65,0,1.23,1.0,,light,
2015-04-05 14:27:00,91.4,88.7,66,0,1.14,1.0,,light,
2015-04-05 14:28:00,91.5,88.8,65,0,1.16,1.0,,light,
2015-04-05 14:29:00,91.6,89.2,66,0,1.16,1.0,,light,
2015-04-05 14:30:00,91.8,89.3,66,0,1.15,1.0,,light,
2015-04-05 14:31:00,91.8,89.6,65,0,1.15,1.0,,light,
2015-04-05 14:32:00,92.0,89.7,66,0,1.17,0.9,,light,
2015-04-05 14:33:00,92.1,90.1,66,0,1.14,1.0,,light,
2015-04-05 14:34:00,92.2,90.1,63,0,1.13,1.0,,light,
2015-04-05 14:35:00,92.3,90.2,67,0,1.13,1.1,,light,
2015-04-05 14:36:00,92.3,90.5,65,0,1.14,1.0,,light,
2015-04-05 14:37:00,92.5,90.5,65,0,1.12,1.0,,light,
2015-04-05 14:38:00,92.5,90.6,64,0,1.16,1.0,,light,
2015-04-05 14:39:00,92.6,90.9,64,0,1.18,1.0,,light,
2015-04-05 14:40:00,92.8,90.9,64,0,1.19,1.0,,deep,
2015-04-05 14:41:00,92.8,90.9,65,0,1.2,1.0,,deep,
2015-04-05 14:42:00,92.8,91.1,64,0,1.2,1.0,,deep,
2015-04-05 14:43:00,93.0,91.4,65,0,1.22,1.0,,deep,
2015-04-05 14:44:00,93.0,91.4,64,0,1.23,1.0,,deep,
2015-04-05 14:45:00,93.0,91.4,65,0,1.21,1.0,,deep,
2015-04-05 14:46:00,93.1,91.4,66,0,1.31,1.0,,deep,
2015-04-05 14:47:00,93.2,91.5,65,0,1.3,1.0,,deep,
2015-04-05 14:48:00,93.2,91.8,65,0,1.36,1.1,,deep,
2015-04-05 14:49:00,93.2,91.8,66,0,1.44,1.0,,deep,
2015-04-05 14:50:00,93.2,91.8,66,0,1.46,1.0,,deep,
2015-04-05 14:51:00,93.4,91.8,66,0,1.53,1.0,,deep,
2015-04-05 14:52:00,93.4,91.8,66,0,1.54,1.0,,deep,
2015-04-05 14:53:00,93.4,91.8,67,0,1.57,1.0,,deep,
2015-04-05 14:54:00,93.4,91.8,65,0,1.62,1.0,,deep,
2015-04-05 14:55:00,93.4,92.0,66,0,1.65,1.0,,deep,
2015-04-05 14:56:00,93.4,92.3,66,0,1.63,1.0,,deep,
2015-04-05 14:57:00,93.5,92.3,66,0,1.71,1.0,,deep,
2015-04-05 14:58:00,93.6,92.3,67,0,1.76,1.0,,deep,
2015-04-05 14:59:00,93.7,92.3,67,0,1.8,1.0,,deep,
2015-04-05 15:00:00,93.7,92.3,67,0,1.83,1.0,,deep,
2015-04-05 15:01:00,93.7,92.3,67,0,1.94,1.0,,deep,
2015-04-05 15:02:00,93.7,92.3,67,0,1.99,1.1,,deep,
2015-04-05 15:03:00,93.7,92.3,67,0,2.06,1.0,,deep,
2015-04-05 15:04:00,93.7,92.3,68,0,2.05,1.0,,deep,
2015-04-05 15:05:00,93.7,92.3,68,0,2.12,1.0,,deep,
2015-04-05 15:06:00,93.7,92.3,67,0,2.16,0.9,,deep,
2015-04-05 15:07:00,93.7,92.3,68,0,2.18,1.0,,deep,
2015-04-05 15:08:00,93.7,92.4,68,0,2.38,1.0,,deep,
2015-04-05 15:09:00,93.8,92.8,67,0,2.32,1.0,,deep,
2015-04-05 15:10:00,93.9,92.8,68,0,2.39,1.0,,deep,
2015-04-05 15:11:00,93.9,92.8,68,0,2.4,1.0,,deep,
2015-04-05 15:12:00,93.9,92.8,68,0,2.57,1.0,,deep,
2015-04-05 15:13:00,93.9,92.8,67,0,2.62,1.0,,deep,
2015-04-05 15:14:00,93.9,92.8,69,0,2.62,1.0,,light,
2015-04-05 15:15:00,93.9,92.8,69,0,2.66,1.0,,light,
2015-04-05 15:16:00,93.9,92.8,67,0,2.73,1.0,,light,
2015-04-05 15:17:00,93.9,92.6,72,0,3.14,1.4,,light,toss_and_turn
2015-04-05 15:18:00,93.7,92.0,66,0,3.52,1.6,,rem,
2015-04-05 15:19:00,93.7,91.3,64,0,3.58,1.0,,rem,
2015-04-05 15:20:00,93.5,90.9,63,0,3.5,1.0,,rem,
2015-04-05 15:21:00,93.4,90.9,63,0,3.4,1.0,,rem,
2015-04-05 15:22:00,93.4,90.9,62,0,3.38,1.0,,rem,
2015-04-05 15:23:00,93.3,90.9,60,0,3.26,1.0,,rem,
2015-04-05 15:24:00,93.2,90.9,60,0,3.19,1.0,,rem,
2015-04-05 15:25:00,93.2,90.8,60,0,3.22,1.2,,rem,toss_and_turn
2015-04-05 15:26:00,93.2,90.4,58,0,3.15,1.0,,rem,
2015-04-05 15:27:00,93.1,89.8,58,0,3.09,1.0,,rem,
2015-04-05 15:28:00,93.0,89.0,59,0,2.96,1.0,,rem,
2015-04-05 15:29:00,92.8,88.6,59,0,2.89,1.0,,rem,
2015-04-05 15:30:00,92.5,88.1,60,0,2.81,1.1,,light,
2015-04-05 15:31:00,92.3,87.8,58,0,2.77,1.0,,light,
2015-04-05 15:32:00,92.1,87.7,59,0,2.78,1.0,,light,
2015-04-05 15:33:00,91.9,87.3,60,0,2.67,0.9,,light,
2015-04-05 15:34:00,91.8,87.2,60,0,2.63,1.0,,light,
2015-04-05 15:35:00,91.6,86.9,60,0,2.54,1.0,,light,
2015-04-05 15:36:00,91.4,86.8,60,0,2.53,1.0,,light,
2015-04-05 15:37:00,91.4,86.4,60,0,2.44,1.0,,light,
2015-04-05 15:38:00,91.2,86.4,60,0,2.42,1.1,,light,
2015-04-05 15:39:00,91.2,86.3,59,0,2.43,1.0,,light,
2015-04-05 15:40:00,90.9,86.0,59,0,2.34,1.0,,light,
2015-04-05 15:41:00,90.9,86.0,58,0,2.31,1.0,,light,
2015-04-05 15:42:00,90.8,86.0,59,0,2.29,1.0,,light,
2015-04-05 15:43:00,90.7,86.0,59,0,2.27,1.0,,light,
2015-04-05 15:44:00,90.7,85.9,59,0,2.26,1.0,,light,
2015-04-05 15:45:00,90.5,85.6,59,0,2.16,1.0,,rem,
2015-04-05 15:46:00,90.5,85.6,56,0,2.04,1.0,,rem,
2015-04-05 15:47:00,90.4,85.6,58,0,1.94,1.0,,rem,
2015-04-05 15:48:00,90.3,85.6,58,0,1.9,1.1,,rem,
2015-04-05 15:49:00,90.3,85.4,58,0,1.85,1.0,,rem,
2015-04-05 15:50:00,90.3,85.1,58,0,1.85,0.9,,rem,
2015-04-05 15:51:00,90.3,85.1,57,0,1.82,1.1,,rem,
2015-04-05 15:52:00,90.1,85.1,57,0,1.8,0.9,,rem,
2015-04-05 15:53:00,90.1,85.1,57,0,1.84,1.0,,rem,
2015-04-05 15:54:00,90.1,85.1,56,0,1.79,1.0,,rem,
2015-04-05 15:55:00,90.1,85.1,57,0,1.77,1.0,,rem,
2015-04-05 15:56:00,90.1,85.1,57,0,1.75,1.0,,rem,
2015-04-05 15:57:00,90.3,85.1,55,0,1.97,1.2,,rem,toss_and_turn
2015-04-05 15:58:00,90.7,85.4,57,0,2.29,1.5,,rem,toss_and_turn
2015-04-05 15:59:00,90.7,86.1,55,0,2.38,1.1,,rem,
2015-04-05 16:00:00,90.9,86.4,56,0,2.35,1.0,,rem,
2015-04-05 16:01:00,90.9,86.3,56,0,2.36,1.0,,rem,
2015-04-05 16:02:00,90.9,86.0,56,0,2.29,1.0,,rem,
2015-04-05 16:03:00,90.9,86.0,58,0,2.27,1.0,,rem,
2015-04-05 16:04:00,90.9,86.0,60,0,2.28,1.0,,light,
2015-04-05 16:05:00,90.9,86.0,58,0,2.26,1.0,,light,
2015-04-05 16:06:00,90.9,86.0,57,0,2.25,1.0,,light,toss_and_turn
2015-04-05 16:07:00,90.9,86.0,56,0,2.46,1.2,,,
2015-04-05 16:08:00,90.9,86.1,60,0,2.63,1.1,,,
2015-04-05 16:09:00,90.9,86.4,72,0,2.84,1.7,,,
2015-04-05 16:10:00,91.0,86.4,68,0,2.61,1.8,,,
2015-04-05 16:11:00,91.2,86.6,64,0,2.74,1.5,,,
2015-04-05 16:12:00,91.2,87.0,63,0,2.63,1.1,,,
2015-04-05 16:13:00,91.2,87.2,68,0,0.867,1.5,,,
2015-04-05 16:14:00,91.4,87.0,67,0,0.684,1.5,,,
2015-04-05 16:15:00,91.5,87.3,65,0,0.601,1.3,,,
2015-04-05 16:16:00,91.6,87.5,67,0,0.55,1.1,,,
2015-04-05 16:17:00,91.7,87.9,69,0,0.519,1.4,,,
2015-04-05 16:18:00,91.8,88.2,68,0,0.492,1.2,,,
2015-04-05 16:19:00,91.8,88.2,72,0,0.478,1.8,,,
2015-04-05 16:20:00,91.8,88.2,74,0,0.45,1.7,,,
2015-04-05 16:21:00,91.8,88.1,71,6,0.455,2.0,,,
2015-04-05 16:22:00,91.8,87.7,68,0,0.472,1.8,,,
2015-04-05 16:23:00,91.6,87.3,,0,0.448,1.8,,,
2015-04-05 16:24:00,91.6,87.2,,0,0.429,1.8,,,
2015-04-05 16:25:00,91.5,86.9,71,0,0.439,1.5,,,
2015-04-05 16:26:00,91.4,86.9,65,0,0.455,1.5,,,
2015-04-05 16:27:00,91.4,86.9,66,0,0.455,1.3,,,
2015-04-05 16:28:00,91.4,87.0,65,0,0.428,1.3,,,
2015-04-05 16:29:00,91.4,87.3,65,0,0.43,1.4,,,
2015-04-05 16:30:00,91.4,87.3,70,0,0.423,1.2,,,
2015-04-05 16:31:00,91.4,87.3,62,0,0.415,1.3,,,
2015-04-05 16:32:00,91.4,87.5,64,0,0.422,1.2,,,
2015-04-05 16:33:00,91.4,87.8,74,0,0.407,1.7,,,
2015-04-05 16:34:00,91.3,87.8,68,0,0.41,1.2,,,
2015-04-05 16:35:00,91.4,87.8,66,0,0.407,1.2,,,
2015-04-05 16:36:00,91.4,87.8,66,0,0.411,1.0,,,
2015-04-05 16:37:00,91.4,87.8,67,0,0.407,1.1,,,
2015-04-05 16:38:00,91.4,87.8,72,0,0.407,1.3,,,
2015-04-05 16:39:00,91.4,87.8,80,0,0.42,1.7,,,
2015-04-05 16:40:00,91.4,87.8,72,0,0.405,1.6,,,
2015-04-05 16:41:00,91.4,87.7,68,0,0.404,1.4,,,
2015-04-05 16:42:00,91.4,87.5,65,0,0.404,1.1,,,
2015-04-05 16:43:00,91.3,87.7,65,0,0.399,1.2,,,
2015-04-05 16:44:00,91.2,87.3,73,0,0.397,1.4,,,
2015-04-05 16:45:00,91.2,87.3,68,0,0.391,1.6,,,
2015-04-05 16:46:00,91.2,87.3,,46,0.377,2.7,,,
2015-04-05 16:47:00,91.0,87.3,,15,0.368,2.3,,,
2015-04-05 16:48:00,90.9,87.3,69,0,0.373,1.9,,,
2015-04-05 16:49:00,90.9,87.3,77,0,0.381,1.9,,,
2015-04-05 16:50:00,90.9,87.3,81,0,0.366,1.9,,,
2015-04-05 16:51:00,90.9,87.2,,0,0.353,2.0,,,
2015-04-05 16:52:00,90.9,86.9,79,0,0.348,2.0,,,
2015-04-05 16:53:00,90.7,86.9,,0,0.349,2.0,,,
2015-04-05 16:54:00,90.7,86.9,,0,0.339,1.9,,,
2015-04-05 16:55:00,90.7,86.9,71,0,0.335,2.0,,,
2015-04-05 16:56:00,90.7,86.9,68,0,0.334,1.8,,,
2015-04-05 16:57:00,90.7,86.9,71,0,0.339,1.7,,,
2015-04-05 16:58:00,90.7,86.9,72,0,0.334,1.4,,,
2015-04-05 16:59:00,90.6,86.9,73,0,0.342,1.7,,,
2015-04-05 17:00:00,90.7,86.9,68,0,0.349,1.5,,,
2015-04-05 17:01:00,90.7,86.9,72,0,0.339,1.7,,,
2015-04-05 17:02:00,90.7,86.9,74,0,0.349,1.7,,,
2015-04-05 17:03:00,90.7,86.9,70,0,0.351,1.7,,,
2015-04-05 17:04:00,90.7,87.0,73,0,0.345,1.7,,,
2015-04-05 17:05:00,90.7,87.3,70,0,0.348,1.8,,,
2015-04-05 17:06:00,90.7,87.3,73,0,0.354,1.7,,,
2015-04-05 17:07:00,90.7,87.2,83,0,0.354,1.8,,,
2015-04-05 17:08:00,90.5,86.9,86,0,0.331,1.9,,,
2015-04-05 17:09:00,90.5,86.9,,0,0.33,2.2,,,
2015-04-05 17:10:00,90.6,86.8,81,12,0.304,2.1,,,
2015-04-05 17:11:00,90.5,86.4,,0,0.284,2.0,,,
2015-04-05 17:12:00,90.5,86.4,,0,0.293,2.1,,,
2015-04-05 17:13:00,90.5,86.4,,0,0.283,2.0,,,
2015-04-05 17:14:00,90.6,86.6,73,0,0.808,1.7,,,
2015-04-05 17:15:00,90.6,86.9,67,0,0.896,1.6,,,
2015-04-05 17:16:00,90.7,86.9,68,0,0.955,1.5,,,
2015-04-05 17:17:00,90.7,87.0,73,0,0.939,1.6,,,
2015-04-05 17:18:00,90.9,87.3,74,0,0.936,1.6,,,
2015-04-05 17:19:00,91.0,87.5,75,0,0.93,1.8,,,
2015-04-05 17:20:00,91.2,87.8,68,0,0.943,1.6,,,
2015-04-05 17:21:00,91.3,87.8,,0,0.942,1.9,,,
2015-04-05 17:22:00,91.4,87.8,,0,0.989,1.9,,,
2015-04-05 17:23:00,91.6,87.8,,0,0.948,2.0,,,
2015-04-05 17:24:00,91.6,87.8,,0,0.968,2.1,,,
2015-04-05 17:25:00,91.6,87.7,,0,0.986,2.1,,,
2015-04-05 17:26:00,91.8,87.3,,0,1.04,1.9,,,
2015-04-05 17:27:00,91.8,87.3,,0,1.06,2.1,,,
2015-04-05 17:28:00,91.8,87.2,77,0,1.1,1.9,,,
2015-04-05 17:29:00,91.6,86.9,77,0,1.05,2.0,,,
2015-04-05 17:30:00,91.7,86.9,77,0,1.11,1.8,,,
2015-04-05 17:31:00,91.6,86.9,67,0,1.09,1.2,,,
2015-04-05 17:32:00,91.6,87.0,68,0,1.11,1.2,,,
2015-04-05 17:33:00,91.6,87.3,71,0,1.09,1.5,,,
2015-04-05 17:34:00,91.4,87.3,72,31,1.07,2.4,,,
2015-04-05 17:35:00,91.4,87.5,,22,1.11,2.3,,,
2015-04-05 17:36:00,91.4,87.8,,36,1.1,2.8,,,
2015-04-05 17:37:00,91.5,87.9,,89,1.1,4.0,,,
2015-04-05 17:38:00,91.7,88.2,,49,1.07,3.1,,,
2015-04-05 17:39:00,91.9,88.2,,67,1.14,3.6,,,
2015-04-05 17:40:00,92.1,88.2,,34,1.2,2.7,,,
2015-04-05 17:41:00,92.2,88.2,68,48,1.17,3.1,,,
2015-04-05 17:42:00,92.5,88.2,74,0,1.2,1.5,,,
2015-04-05 17:43:00,92.5,88.2,80,0,1.19,1.7,,,
2015-04-05 17:44:00,92.5,88.2,73,0,1.22,1.6,,,
2015-04-05 17:45:00,92.5,88.1,75,0,1.17,1.6,,,
2015-04-05 17:46:00,92.5,87.8,74,0,1.22,1.7,,,
2015-04-05 17:47:00,92.5,87.8,77,0,1.18,1.6,,,
2015-04-05 17:48:00,92.5,87.8,76,0,1.18,1.7,,,
2015-04-05 17:49:00,92.5,87.8,77,0,1.25,1.7,,,
2015-04-05 17:50:00,92.5,87.9,72,0,1.24,1.7,,,
2015-04-05 17:51:00,92.5,88.2,72,0,1.16,1.4,,,
2015-04-05 17:52:00,92.5,88.2,76,0,1.22,1.5,,,
2015-04-05 17:53:00,92.4,88.4,78,0,1.23,1.8,,,
2015-04-05 17:54:00,92.3,88.7,79,0,1.23,1.8,,,
2015-04-05 17:55:00,92.4,88.8,72,0,1.23,1.6,,,
2015-04-05 17:56:00,92.5,88.9,73,18,1.3,2.3,,,
2015-04-05 17:57:00,92.5,88.1,80,0,1.36,2.1,,,
2015-04-05 17:58:00,92.4,87.8,53,0,1.35,1.7,,,
2015-04-05 17:59:00,92.3,87.7,70,0,1.34,1.8,,,
2015-04-05 18:00:00,92.2,87.2,72,0,1.39,1.7,,,
2015-04-05 18:01:00,91.9,86.9,71,0,1.4,1.9,,,
2015-04-05 18:02:00,91.8,86.9,72,0,1.39,1.7,,,
2015-04-05 18:03:00,91.6,86.9,74,0,1.36,1.8,,,
2015-04-05 18:04:00,91.7,86.8,74,0,1.39,1.7,,,
2015-04-05 18:05:00,91.6,86.4,67,0,1.39,1.7,,,
2015-04-05 18:06:00,91.6,86.6,73,0,1.41,1.8,,,
2015-04-05 18:07:00,91.6,86.9,76,0,1.43,1.7,,,
2015-04-05 18:08:00,91.6,86.9,71,0,1.37,1.8,,,
2015-04-05 18:09:00,91.6,86.9,,0,1.23,1.8,,,
2015-04-05 18:10:00,91.4,86.9,72,0,0.00087,1.8,,,
2015-04-05 18:11:00,91.2,86.9,72,0,0.000869,1.6,,,
2015-04-05 18:12:00,91.0,86.8,74,0,0.000911,1.8,,,
2015-04-05 18:13:00,91.1,86.4,77,0,0.000988,1.8,,,
2015-04-05 18:14:00,90.9,86.4,,0,0.000941,1.9,,,
2015-04-05 18:15:00,90.8,86.4,,0,0.000932,1.8,,,
2015-04-05 18:16:00,90.7,86.3,78,0,0.000912,1.7,,,
2015-04-05 18:17:00,90.5,86.0,84,0,0.00089,1.8,,,
2015-04-05 18:18:00,90.5,86.0,,0,0.000921,1.9,,,
2015-04-05 18:19:00,90.5,86.0,,0,0.000963,1.8,,,
2015-04-05 18:20:00,90.5,86.0,,0,0.00106,1.8,,,
2015-04-05 18:21:00,90.5,86.0,83,0,0.00113,1.9,,,
2015-04-05 18:22:00,90.3,86.0,80,0,0.00113,1.8,,,
2015-04-05 18:23:00,90.3,85.9,77,0,0.00102,2.1,,,
2015-04-05 18:24:00,90.3,85.6,,0,0.00102,2.0,,,
2015-04-05 18:25:00,90.3,85.6,79,0,0.00115,1.9,,,
2015-04-05 18:26:00,90.4,85.6,81,0,0.00114,1.9,,,
2015-04-05 18:27:00,90.4,85.7,80,0,0.00107,1.8,,,
2015-04-05 18:28:00,90.4,85.9,94,49,0.00111,2.9,,,
2015-04-05 18:29:00,90.3,85.6,78,0,0.00107,1.8,,,
2015-04-05 18:30:00,90.3,85.7,79,0,0.00112,1.8,,,
2015-04-05 18:31:00,90.3,86.0,79,0,0.00113,1.8,,,
2015-04-05 18:32:00,90.3,85.9,80,25,0.00109,2.6,,,
2015-04-05 18:33:00,90.3,85.6,75,17,0.0011,2.3,,,
2015-04-05 18:34:00,90.3,85.6,78,0,0.00109,1.9,,,
2015-04-05 18:35:00,90.2,85.7,74,0,0.00111,1.3,,,
2015-04-05 18:36:00,89.9,86.0,72,0,0.00114,1.3,,,
2015-04-05 18:37:00,89.8,86.1,73,0,0.00112,1.2,,,
2015-04-05 18:38:00,89.8,86.4,76,0,0.00112,1.8,,,
2015-04-05 18:39:00,89.8,86.4,73,0,0.00107,1.7,,,
2015-04-05 18:40:00,90.0,86.4,77,0,0.00107,1.5,,,
2015-04-05 18:41:00,90.1,86.6,80,0,0.00111,1.8,,,
2015-04-05 18:42:00,90.2,86.9,76,0,0.00109,1.7,,,
2015-04-05 18:43:00,90.3,87.0,78,0,0.00107,1.8,,,
2015-04-05 18:44:00,90.4,87.3,79,0,0.00112,1.7,,,
2015-04-05 18:45:00,90.5,87.5,76,0,0.00113,1.8,,,
2015-04-05 18:46:00,90.6,87.8,77,0,0.00107,1.5,,,
2015-04-05 18:47:00,90.8,87.7,81,0,0.00114,1.6,,,
2015-04-05 18:48:00,90.9,87.3,78,0,0.0011,1.3,,,
2015-04-05 18:49:00,90.9,87.3,74,0,0.00111,1.3,,,
2015-04-05 18:50:00,91.1,87.3,75,0,0.00115,1.6,,,
2015-04-05 18:51:00,91.3,87.3,75,0,0.00119,1.3,,,
2015-04-05 18:52:00,91.3,87.5,78,0,0.00118,1.4,,,
2015-04-05 18:53:00,91.3,87.8,74,0,0.00114,1.3,,,
2015-04-05 18:54:00,91.4,87.8,71,0,0.00112,1.2,,,
2015-04-05 18:55:00,91.6,87.7,79,0,0.00114,1.5,,,
2015-04-05 18:56:00,91.5,87.3,83,0,0.00115,1.4,,,
2015-04-05 18:57:00,91.6,87.3,76,0,0.00113,1.5,,,
2015-04-05 18:58:00,91.6,87.3,78,0,0.00114,1.5,,,
2015-04-05 18:59:00,91.6,87.3,84,0,0.00117,1.6,,,
2015-04-05 19:00:00,91.6,87.2,82,0,0.00117,1.6,,,
2015-04-05 19:01:00,91.6,87.0,70,0,0.0011,1.3,,,
2015-04-05 19:02:00,91.4,87.3,75,0,0.00114,1.2,,,
2015-04-05 19:03:00,91.2,87.2,78,0,0.00115,1.3,,,
2015-04-05 19:04:00,91.4,86.9,77,0,0.00108,1.3,,,
2015-04-05 19:05:00,91.4,86.9,76,0,0.00112,1.6,,,
2015-04-05 19:06:00,91.3,86.8,77,0,0.00115,1.4,,,
2015-04-05 19:07:00,91.0,86.4,70,0,0.00112,1.1,,,
2015-04-05 19:08:00,91.1,86.4,78,0,0.00112,1.8,,,
2015-04-05 19:09:00,91.0,86.4,87,0,0.00112,1.9,,,
2015-04-05 19:10:00,91.1,86.6,74,0,0.00109,1.3,,,
2015-04-05 19:11:00,90.9,86.8,77,0,0.00109,1.4,,,
2015-04-05 19:12:00,91.0,86.4,72,0,0.00116,1.2,,,
2015-04-05 19:13:00,90.9,86.4,75,0,0.00105,1.5,,,
2015-04-05 19:14:00,90.9,86.3,79,0,0.00111,1.5,,,
2015-04-05 19:15:00,90.9,86.0,78,0,0.00111,1.3,,,
2015-04-05 19:16:00,90.9,86.0,74,0,0.00112,1.2,,,
2015-04-05 19:17:00,90.9,86.0,79,0,0.00117,1.4,,,
2015-04-05 19:18:00,90.9,86.0,76,0,0.00113,1.4,,,
2015-04-05 19:19:00,90.8,86.0,78,0,0.00116,1.7,,,
2015-04-05 19:20:00,90.7,86.0,74,0,0.00113,1.3,,,
2015-04-05 19:21:00,90.7,86.0,72,0,0.00112,1.4,,,
2015-04-05 19:22:00,90.6,86.1,73,0,0.00115,1.4,,,
2015-04-05 19:23:00,90.7,86.4,72,0,0.00132,1.6,,,
2015-04-05 19:24:00,90.7,86.6,72,0,0.00118,1.1,,,
2015-04-05 19:25:00,90.7,86.9,72,0,0.00124,1.2,,,
2015-04-05 19:26:00,90.8,87.0,69,0,0.00123,1.4,,,
2015-04-05 19:27:00,91.1,87.3,70,0,0.00122,1.2,,,
2015-04-05 19:28:00,91.3,87.3,69,0,0.0013,1.3,,,
2015-04-05 19:29:00,91.4,87.5,69,0,0.00123,1.1,,,
2015-04-05 19:30:00,91.5,87.8,69,0,0.00125,1.0,,,
2015-04-05 19:31:00,91.6,87.8,68,0,0.0013,1.0,,,
2015-04-05 19:32:00,91.7,87.8,66,0,0.00129,1.2,,,
2015-04-05 19:33:00,91.8,87.8,67,0,0.00133,1.1,,,
2015-04-05 19:34:00,91.8,87.8,70,0,0.00132,1.1,,,
2015-04-05 19:35:00,91.8,87.9,70,0,0.00133,1.1,,,
2015-04-05 19:36:00,92.0,88.2,72,0,0.00132,1.1,,,
2015-04-05 19:37:00,92.1,88.2,71,0,0.0013,1.2,,,
2015-04-05 19:38:00,92.1,88.4,67,0,0.00133,1.0,,,
2015-04-05 19:39:00,92.1,88.7,67,0,0.00137,1.0,,,
2015-04-05 19:40:00,92.1,88.7,68,0,0.00134,1.1,,,
2015-04-05 19:41:00,92.1,88.7,65,0,0.00132,1.1,,,
2015-04-05 19:42:00,92.2,88.7,67,0,0.00135,1.1,,,
2015-04-05 19:43:00,92.3,88.6,70,0,0.00141,1.5,,,
2015-04-05 19:44:00,92.5,88.2,72,0,0.00157,1.3,,,
2015-04-05 19:45:00,92.5,88.4,73,0,0.00163,1.3,,,
2015-04-05 19:46:00,92.5,88.7,67,0,0.0015,1.0,,,
2015-04-05 19:47:00,92.5,88.8,68,0,0.00153,1.1,,,
2015-04-05 19:48:00,92.7,89.2,70,0,0.00153,1.6,,,
2015-04-05 19:49:00,92.8,89.2,67,0,0.00161,1.3,,,
2015-04-05 19:50:00,92.8,89.0,67,0,0.00162,1.3,,,
2015-04-05 19:51:00,93.0,88.8,67,0,0.00168,1.1,,,
2015-04-05 19:52:00,93.0,89.2,67,0,0.00162,1.1,,,
2015-04-05 19:53:00,93.0,89.3,68,0,0.00165,1.0,,,
2015-04-05 19:54:00,93.0,89.6,67,0,0.00162,1.1,,,
2015-04-05 19:55:00,93.0,89.6,81,0,0.00157,1.7,,,
2015-04-05 19:56:00,93.0,89.6,69,0,0.00166,1.2,,,
2015-04-05 19:57:00,93.1,89.7,75,0,0.00176,1.2,,,
2015-04-05 19:58:00,93.2,90.1,72,0,0.00176,1.2,,,
2015-04-05 19:59:00,93.3,90.1,70,0,0.0018,1.1,,,
2015-04-05 20:00:00,93.4,90.2,75,0,0.00176,1.1,,,
2015-04-05 20:01:00,93.4,90.4,73,0,0.00171,1.5,,,
2015-04-05 20:02:00,93.4,90.1,69,0,0.00177,1.2,,,
2015-04-05 20:03:00,93.5,90.1,69,0,0.00177,1.0,,,
2015-04-05 20:04:00,93.7,90.1,67,0,0.00175,1.1,,,
2015-04-05 20:05:00,93.7,90.1,69,0,0.00181,1.1,,,
2015-04-05 20:06:00,93.7,90.1,68,0,0.00191,1.1,,,
2015-04-05 20:07:00,93.7,90.1,67,0,0.00187,1.0,,,
2015-04-05 20:08:00,93.9,90.2,67,0,0.00192,1.2,,,
2015-04-05 20:09:00,93.9,90.5,65,0,0.00186,1.0,,,
2015-04-05 20:10:00,93.9,90.5,67,0,0.00197,1.2,,,
2015-04-05 20:11:00,93.9,90.6,68,0,0.00191,1.0,,,
2015-04-05 20:12:00,93.9,90.9,67,0,0.002,1.1,,,
2015-04-05 20:13:00,94.0,91.1,66,0,0.00197,1.1,,,
2015-04-05 20:14:00,94.1,91.4,66,0,0.002,1.1,,,
2015-04-05 20:15:00,94.1,91.4,66,0,0.0021,1.1,,,
2015-04-05 20:16:00,94.1,91.4,66,0,0.00197,1.0,,,
2015-04-05 20:17:00,94.2,91.4,64,0,0.00209,1.2,,,
2015-04-05 20:18:00,94.3,91.4,65,0,0.00205,1.2,,,
2015-04-05 20:19:00,94.3,91.4,65,0,0.00204,1.1,,,
2015-04-05 20:20:00,94.3,91.4,65,0,0.00202,1.0,,,
2015-04-05 20:21:00,94.5,91.4,73,0,0.00208,1.5,,,
2015-04-05 20:22:00,94.6,91.4,69,0,0.00232,1.1,,,
2015-04-05 20:23:00,94.6,91.4,69,0,0.00246,1.1,,,
2015-04-05 20:24:00,94.5,91.4,69,0,0.00253,1.1,,,
2015-04-05 20:25:00,94.5,91.5,67,0,0.00245,1.2,,,
2015-04-05 20:26:00,94.6,91.8,66,0,0.00241,1.0,,,
2015-04-05 20:27:00,94.6,91.8,71,0,0.00238,1.2,,,
2015-04-05 20:28:00,94.6,91.7,68,0,0.00232,1.7,,,
2015-04-05 20:29:00,94.5,91.3,67,0,0.00226,1.6,,,
2015-04-05 20:30:00,94.3,90.9,67,0,0.00244,1.6,,,
2015-04-05 20:31:00,94.3,90.9,65,0,0.00239,1.5,,,
2015-04-05 20:32:00,94.2,90.8,64,0,0.00224,1.9,,,
2015-04-05 20:33:00,94.0,90.4,70,0,0.00218,1.7,,,
2015-04-05 20:34:00,93.8,89.8,75,0,0.00202,1.9,,,
2015-04-05 20:35:00,93.6,89.0,,15,0.00194,2.3,,,
2015-04-05 20:36:00,93.3,88.6,,0,0.00189,1.8,,,
2015-04-05 20:37:00,93.1,88.4,,0,0.00206,2.0,,,
2015-04-05 20:38:00,92.8,88.6,,0,0.00206,1.9,,,
2015-04-05 20:39:00,92.8,88.2,74,0,0.00206,1.9,,,
2015-04-05 20:40:00,92.5,88.4,79,0,0.00207,1.9,,,
2015-04-05 20:41:00,92.5,88.7,74,0,0.00186,1.9,,,
2015-04-05 20:42:00,92.5,88.7,,0,0.0019,1.9,,,
2015-04-05 20:43:00,92.5,88.6,,0,0.00187,2.0,,,
2015-04-05 20:44:00,92.3,88.2,,0,0.00184,1.9,,,
2015-04-05 20:45:00,92.3,88.2,,0,0.00176,2.0,,,
2015-04-05 20:46:00,92.5,88.2,,0,0.00174,2.1,,,
2015-04-05 20:47:00,92.4,88.1,,0,0.00182,2.1,,,
2015-04-05 20:48:00,92.3,87.7,,0,0.00186,1.7,,,
2015-04-05 20:49:00,92.1,87.3,,0,0.0018,2.1,,,
2015-04-05 20:50:00,92.1,87.3,90,0,0.00171,2.0,,,
2015-04-05 20:51:00,92.1,87.3,83,0,0.0018,1.8,,,
2015-04-05 20:52:00,92.1,87.5,,0,0.00194,1.7,,,
2015-04-05 20:53:00,92.0,87.8,71,0,0.00168,2.1,,,
2015-04-05 20:54:00,91.9,87.8,70,0,0.00179,1.8,,,
2015-04-05 20:55:00,92.0,87.9,74,0,0.00177,1.8,,,
2015-04-05 20:56:00,91.8,88.2,75,0,0.00173,1.8,,,
2015-04-05 20:57:00,91.7,88.2,81,0,0.00186,1.8,,,
2015-04-05 20:58:00,91.7,88.1,,0,0.00177,2.0,,,
2015-04-05 20:59:00,91.6,87.7,69,0,0.00179,2.0,,,
2015-04-05 21:00:00,91.5,87.2,68,0,0.00169,1.8,,,
2015-04-05 21:01:00,91.3,86.8,,0,0.00175,1.9,,,
2015-04-05 21:02:00,91.2,86.4,69,0,0.00175,1.5,,,
2015-04-05 21:03:00,91.0,86.3,64,0,0.00175,1.7,,,
2015-04-05 21:04:00,90.8,86.0,61,0,0.00179,1.5,,,
2015-04-05 21:05:00,90.6,85.9,67,0,0.00173,1.8,,,
2015-04-05 21:06:00,90.5,85.6,68,0,0.00187,1.7,,,
2015-04-05 21:07:00,90.5,85.6,67,0,0.00183,1.4,,,
2015-04-05 21:08:00,90.6,85.7,70,0,0.00175,1.4,,,
2015-04-05 21:09:00,90.7,86.0,71,0,0.00194,1.6,,,
2015-04-05 21:10:00,90.7,86.0,67,0,0.00177,1.2,,,
2015-04-05 21:11:00,90.7,86.0,67,0,0.00179,1.8,,,
2015-04-05 21:12:00,90.9,86.0,71,0,0.0018,1.6,,,
2015-04-05 21:13:00,90.9,86.0,68,0,0.00183,1.7,,,
2015-04-05 21:14:00,90.8,86.0,69,0,0.00187,1.8,,,
2015-04-05 21:15:00,90.9,85.9,70,0,0.00183,1.7,,,
2015-04-05 21:16:00,90.9,85.6,67,0,0.00195,1.5,,,
2015-04-05 21:17:00,90.9,85.6,69,0,0.00191,1.8,,,
2015-04-05 21:18:00,90.9,85.6,74,0,0.00182,1.7,,,
2015-04-05 21:19:00,90.9,85.8,66,0,0.0019,1.3,,,
2015-04-05 21:20:00,91.0,86.6,66,0,0.00194,1.4,,,
2015-04-05 21:21:00,91.3,87.0,64,0,0.00184,1.2,,,
2015-04-05 21:22:00,91.4,87.5,66,0,0.00195,1.3,,,
2015-04-05 21:23:00,91.6,87.9,69,0,0.00193,1.5,,,
2015-04-05 21:24:00,91.8,88.2,67,0,0.00198,1.5,,,
2015-04-05 21:25:00,91.9,88.4,66,0,0.00199,1.1,,,
2015-04-05 21:26:00,92.2,88.8,65,0,0.00206,1.3,,,
2015-04-05 21:27:00,92.5,89.3,63,0,0.00212,1.3,,,
2015-04-05 21:28:00,92.5,89.6,67,0,0.00219,1.2,,,
2015-04-05 21:29:00,92.8,89.7,68,0,0.0021,1.3,,,
2015-04-05 21:30:00,92.8,90.2,67,0,0.00213,1.2,,,
2015-04-05 21:31:00,93.0,90.5,69,0,0.0022,1.2,,,
2015-04-05 21:32:00,93.1,90.5,66,0,0.00211,1.0,,,
2015-04-05 21:33:00,93.3,90.6,66,0,0.00216,1.1,,,
2015-04-05 21:34:00,93.4,91.1,67,0,0.00226,1.0,,,
2015-04-05 21:35:00,93.7,91.4,68,0,0.00229,1.1,,,
2015-04-05 21:36:00,93.8,91.4,66,0,0.00238,1.1,,,
2015-04-05 21:37:00,94.1,91.4,63,0,0.00235,1.0,,,
2015-04-05 21:38:00,94.2,91.4,69,0,0.00248,1.1,,,
2015-04-05 21:39:00,94.3,91.4,66,0,0.00246,1.3,,,
2015-04-05 21:40:00,94.3,91.4,70,0,0.00212,1.1,,,
2015-04-05 21:41:00,94.5,91.4,70,0,0.00232,1.4,,,
2015-04-05 21:42:00,94.4,91.3,66,0,0.00232,1.1,,,
2015-04-05 21:43:00,94.3,90.9,70,0,0.00225,1.3,,,
2015-04-05 21:44:00,94.3,90.9,65,0,0.00231,1.0,,,
2015-04-05 21:45:00,94.3,91.1,67,0,0.00252,1.1,,,
2015-04-05 21:46:00,94.3,91.5,67,0,0.00232,1.1,,,
2015-04-05 21:47:00,94.4,92.0,68,0,0.00246,1.1,,,
2015-04-05 21:48:00,94.6,92.2,71,0,0.0025,1.2,,,
2015-04-05 21:49:00,94.6,91.8,69,0,0.0024,1.2,,,
2015-04-05 21:50:00,94.3,91.5,67,0,0.00236,1.1,,,
2015-04-05 21:51:00,94.3,90.5,67,0,0.00236,1.1,,,
2015-04-05 21:52:00,94.3,90.6,70,0,0.00238,1.1,,,
2015-04-05 21:53:00,94.3,91.1,68,0,0.00229,1.1,,,
2015-04-05 21:54:00,94.4,91.5,68,0,0.00243,1.0,,,
2015-04-05 21:55:00,94.6,92.0,72,0,0.00261,1.2,,,
2015-04-05 21:56:00,94.6,92.0,68,0,0.00226,1.3,,,
2015-04-05 21:57:00,94.6,91.1,77,33,0.00255,2.8,,,
2015-04-05 21:58:00,94.3,90.4,75,15,0.00241,2.4,,,
2015-04-05 21:59:00,93.9,89.9,69,0,0.00235,1.5,,,
2015-04-05 22:00:00,93.7,89.5,66,0,0.00226,1.5,,,
2015-04-05 22:01:00,93.5,89.2,66,0,0.00226,1.5,,,
2015-04-05 22:02:00,93.4,89.0,70,0,0.00248,1.5,,,
2015-04-05 22:03:00,93.4,88.8,67,0,0.00295,1.2,,,
2015-04-05 22:04:00,93.4,89.2,67,0,0.00259,1.3,,,
2015-04-05 22:05:00,93.4,89.2,68,0,0.00247,1.1,,,
2015-04-05 22:06:00,93.4,89.2,71,0,0.00271,1.4,,,
2015-04-05 22:07:00,93.3,89.3,69,0,0.00264,1.2,,,
2015-04-05 22:08:00,93.2,89.6,68,0,0.00264,1.1,,,
2015-04-05 22:09:00,93.2,89.7,67,0,0.0027,1.1,,,
2015-04-05 22:10:00,93.4,90.1,68,0,0.00278,1.1,,,
2015-04-05 22:11:00,93.4,90.2,68,0,0.0027,1.1,,,
2015-04-05 22:12:00,93.4,90.5,66,0,0.00283,1.1,,,
2015-04-05 22:13:00,93.6,90.6,64,0,0.0029,1.0,,,
2015-04-05 22:14:00,93.7,90.9,66,0,0.0029,1.1,,,
2015-04-05 22:15:00,93.7,91.1,66,0,0.003,1.1,,,
2015-04-05 22:16:00,93.9,91.4,65,0,0.00332,1.1,,,
2015-04-05 22:17:00,93.9,91.4,65,0,0.00309,1.1,,,
2015-04-05 22:18:00,94.0,91.5,66,0,0.00329,1.1,,,
2015-04-05 22:19:00,94.1,91.8,67,0,0.00331,1.1,,,
2015-04-05 22:20:00,94.1,91.8,67,0,0.00335,1.0,,,
2015-04-05 22:21:00,94.1,91.8,70,0,0.00277,1.6,,,
2015-04-05 22:22:00,94.1,91.7,68,0,0.00256,1.2,,,
2015-04-05 22:23:00,94.1,91.3,60,0,0.00264,1.5,,,
2015-04-05 22:24:00,94.1,90.8,65,0,0.00264,1.3,,,
2015-04-05 22:25:00,93.9,90.4,67,0,0.00271,1.4,,,
2015-04-05 22:26:00,93.7,90.1,67,0,0.00273,1.5,,,
2015-04-05 22:27:00,93.7,90.1,66,0,0.00256,1.2,,,
2015-04-05 22:28:00,93.6,90.2,73,0,0.00258,1.5,,,
2015-04-05 22:29:00,93.5,90.5,82,0,0.00261,1.9,,,
2015-04-05 22:30:00,93.4,90.4,67,0,0.00266,1.3,,,
2015-04-05 22:31:00,93.3,89.9,63,0,0.00262,1.0,,,
2015-04-05 22:32:00,93.2,89.5,65,0,0.00257,1.0,,,
2015-04-05 22:33:00,93.2,89.2,60,0,0.00258,1.2,,,
2015-04-05 22:34:00,93.2,89.0,59,0,0.00252,1.2,,,
2015-04-05 22:35:00,93.0,88.6,59,0,0.00248,1.0,,,
2015-04-05 22:36:00,93.0,88.2,61,0,0.0026,1.0,,,
2015-04-05 22:37:00,93.2,88.2,71,0,0.00243,1.7,,,
2015-04-05 22:38:00,93.0,88.2,61,0,0.00246,1.2,,,
2015-04-05 22:39:00,93.0,88.2,60,0,0.00243,1.0,,,
2015-04-05 22:40:00,93.0,88.4,61,0,0.00244,1.1,,,
2015-04-05 22:41:00,93.2,88.7,61,0,0.00243,1.2,,,
2015-04-05 22:42:00,93.0,88.7,58,0,0.00248,1.0,,light,
2015-04-05 22:43:00,93.1,88.7,58,0,0.00247,1.0,,light,
2015-04-05 22:44:00,93.2,88.7,58,0,0.00233,1.1,,light,
2015-04-05 22:45:00,93.2,88.7,59,0,0.00265,1.0,,light,
2015-04-05 22:46:00,93.2,88.7,59,0,0.0026,1.0,,light,
2015-04-05 22:47:00,93.2,88.7,59,0,0.00253,0.9,,light,
2015-04-05 22:48:00,93.2,88.7,59,0,0.00271,1.0,,light,
2015-04-05 22:49:00,93.2,88.7,59,0,0.00251,1.0,,light,
2015-04-05 22:50:00,93.2,88.7,60,0,0.0025,1.1,,light,
2015-04-05 22:51:00,93.2,88.7,58,0,0.00249,1.0,,light,
2015-04-05 22:52:00,93.2,88.7,59,0,0.00226,1.0,,light,
2015-04-05 22:53:00,93.2,88.7,58,0,0.00254,1.0,,light,
2015-04-05 22:54:00,93.2,88.7,60,0,0.00255,1.0,,light,
2015-04-05 22:55:00,93.2,88.7,60,0,0.00253,1.0,,light,
2015-04-05 22:56:00,93.2,88.7,59,0,0.00266,1.0,,light,
2015-04-05 22:57:00,93.2,88.7,58,0,0.00266,1.0,,light,
2015-04-05 22:58:00,93.2,88.7,58,0,0.00263,1.0,,light,
2015-04-05 22:59:00,93.2,88.7,58,0,0.00263,1.0,,light,
2015-04-05 23:00:00,93.2,88.7,58,0,0.00266,1.0,,light,
2015-04-05 23:01:00,93.2,88.7,57,0,0.00264,1.0,,light,
2015-04-05 23:02:00,93.0,88.7,58,0,0.00275,1.0,,light,
2015-04-05 23:03:00,93.0,88.7,58,0,0.00258,1.0,,light,
2015-04-05 23:04:00,93.0,88.7,58,0,0.00268,1.0,,light,
2015-04-05 23:05:00,93.0,88.7,57,0,0.00279,1.0,,light,
2015-04-05 23:06:00,93.0,88.7,57,0,0.0027,1.0,,light,
2015-04-05 23:07:00,93.0,88.7,58,0,0.00303,1.0,,light,
2015-04-05 23:08:00,93.0,88.7,57,0,0.00306,1.0,,light,
2015-04-05 23:09:00,93.0,88.7,59,0,0.00326,1.1,,light,
2015-04-05 23:10:00,93.0,88.7,55,0,0.0031,1.2,,light,
2015-04-05 23:11:00,93.0,88.7,60,0,0.00293,1.2,,light,
2015-04-05 23:12:00,93.0,88.7,57,0,0.0029,1.0,,light,
2015-04-05 23:13:00,93.1,88.7,61,0,0.00299,1.3,,light,
2015-04-05 23:14:00,93.0,88.7,59,0,0.0029,1.1,,light,
2015-04-05 23:15:00,93.0,88.7,57,0,0.00303,1.0,,light,
2015-04-05 23:16:00,93.1,88.7,57,0,0.00309,0.9,,light,
2015-04-05 23:17:00,93.2,88.7,57,0,0.00299,1.0,,light,
2015-04-05 23:18:00,93.2,88.7,58,0,0.00294,1.0,,light,
2015-04-05 23:19:00,93.2,88.8,58,0,0.00292,1.0,,light,
2015-04-05 23:20:00,93.2,89.2,57,0,0.00303,1.0,,light,
2015-04-05 23:21:00,93.2,89.2,55,0,0.00297,1.0,,light,
2015-04-05 23:22:00,93.2,89.2,56,0,0.00299,1.0,,light,
2015-04-05 23:23:00,93.2,89.2,56,0,0.00309,1.0,,light,
2015-04-05 23:24:00,93.2,89.2,56,0,0.00306,1.0,,light,
2015-04-05 23:25:00,93.2,89.2,56,0,0.00301,1.0,,light,
2015-04-05 23:26:00,93.2,89.2,58,0,0.00321,1.0,,light,
2015-04-05 23:27:00,93.2,89.2,56,0,0.00298,1.1,,light,toss_and_turn
2015-04-05 23:28:00,93.0,89.2,69,0,0.00295,1.4,,light,
2015-04-05 23:29:00,93.0,89.2,73,0,0.00283,1.4,,light,toss_and_turn
2015-04-05 23:30:00,93.0,89.0,56,0,0.00279,1.1,,light,
2015-04-05 23:31:00,93.0,88.6,54,0,0.00285,1.0,,light,
2015-04-05 23:32:00,92.8,88.2,56,0,0.00287,1.0,,light,
2015-04-05 23:33:00,92.7,88.1,55,0,0.00275,1.1,,light,
2015-04-05 23:34:00,92.6,87.9,59,0,0.00282,1.0,,,
2015-04-05 23:35:00,92.8,88.6,54,0,0.00272,1.4,,,
2015-04-05 23:36:00,92.9,90.0,56,9,0.004,1.8,,,
2015-04-05 23:37:00,93.2,91.2,54,0,0.0033,1.3,,,
2015-04-05 23:38:00,93.5,92.1,53,0,0.00342,1.3,,,
2015-04-05 23:39:00,93.8,92.9,57,0,0.00331,1.3,,,
2015-04-05 23:40:00,94.1,93.3,58,0,0.0035,1.4,,,
2015-04-05 23:41:00,94.4,93.8,61,0,0.00404,1.5,,,
2015-04-05 23:42:00,94.7,94.2,61,0,0.00341,1.7,,,
2015-04-05 23:43:00,94.9,94.4,61,28,0.00358,2.4,,,
2015-04-05 23:44:00,95.0,94.1,96,10,0.0036,2.7,,,
2015-04-05 23:45:00,95.1,93.8,63,0,0.00345,2.0,,,
2015-04-05 23:46:00,95.0,92.9,62,0,0.00345,1.6,,,
2015-04-05 23:47:00,94.8,92.0,61,0,0.00364,1.1,,,
2015-04-05 23:48:00,94.6,91.3,62,0,0.00337,1.1,,,
2015-04-05 23:49:00,94.4,90.8,62,0,0.00348,1.0,,,
2015-04-05 23:50:00,94.2,90.4,63,0,0.0035,1.1,,,
2015-04-05 23:51:00,94.1,90.1,63,0,0.00372,1.2,,,
2015-04-05 23:52:00,94.0,89.9,67,0,0.00507,1.4,,,
2015-04-05 23:53:00,93.8,89.6,60,0,0.00458,1.3,,,
2015-04-05 23:54:00,93.7,89.5,64,0,0.00433,1.4,,,
2015-04-05 23:55:00,93.7,89.2,62,0,0.00413,1.3,,,
2015-04-05 23:56:00,93.6,89.0,64,0,0.00387,1.2,,,
2015-04-05 23:57:00,93.4,88.7,63,0,0.00402,1.3,,,
2015-04-05 23:58:00,93.3,88.7,63,0,0.00373,1.3,,,
